X1,X2,X3,Y
5551.82208,4983.17184,4888.3968,5072.95872
4983.17184,4888.3968,5072.95872,5196.2598
4888.3968,5072.95872,5196.2598,5641.2972
5072.95872,5196.2598,5641.2972,7153.17732
5196.2598,5641.2972,7153.17732,7849.80504
5641.2972,7153.17732,7849.80504,6329.97504
7153.17732,7849.80504,6329.97504,6292.8756
7849.80504,6329.97504,6292.8756,5349.8016
6329.97504,6292.8756,5349.8016,5225.40936
6292.8756,5349.8016,5225.40936,5000.47452
5349.8016,5225.40936,5000.47452,4775.53968
5225.40936,5000.47452,4775.53968,6177.05676
5000.47452,4775.53968,6177.05676,6177.05676
4775.53968,6177.05676,6177.05676,6155.7012
6177.05676,6177.05676,6155.7012,6212.12976
6177.05676,6155.7012,6212.12976,7424.25264
6155.7012,6212.12976,7424.25264,7407.4176
6212.12976,7424.25264,7407.4176,7068.22272
7424.25264,7407.4176,7068.22272,6515.784
7407.4176,7068.22272,6515.784,6350.08356
7068.22272,6515.784,6350.08356,5502.25224
6515.784,6350.08356,5502.25224,4931.2638
6350.08356,5502.25224,4931.2638,4775.53968
5502.25224,4931.2638,4775.53968,4713.8112
4931.2638,4775.53968,4713.8112,4689.02628
4775.53968,4713.8112,4689.02628,4844.7504
4713.8112,4689.02628,4844.7504,5571.46296
4689.02628,4844.7504,5571.46296,6150.71304
4844.7504,5571.46296,6150.71304,6296.30496
5571.46296,6150.71304,6296.30496,6515.16048
6150.71304,6296.30496,6515.16048,6269.64948
6296.30496,6515.16048,6269.64948,5607.0036
6515.16048,6269.64948,5607.0036,5932.7928
6269.64948,5607.0036,5932.7928,5675.5908
5607.0036,5932.7928,5675.5908,5675.27904
5932.7928,5675.5908,5675.27904,5435.5356
5675.5908,5675.27904,5435.5356,5572.71
5675.27904,5435.5356,5572.71,6023.2032
5435.5356,5572.71,6023.2032,6110.496
5572.71,6023.2032,6110.496,7951.75056
6023.2032,6110.496,7951.75056,8013.0114
6110.496,7951.75056,8013.0114,7591.82364
7951.75056,8013.0114,7591.82364,7088.17536
8013.0114,7591.82364,7088.17536,6477.12576
7591.82364,7088.17536,6477.12576,5848.6176
7088.17536,6477.12576,5848.6176,5460.4764
6477.12576,5848.6176,5460.4764,5097.89952
5848.6176,5460.4764,5097.89952,5062.9824
5460.4764,5097.89952,5062.9824,5080.44096
5097.89952,5062.9824,5080.44096,5324.8608
5062.9824,5080.44096,5324.8608,5970.82752
5080.44096,5324.8608,5970.82752,6477.12576
5324.8608,5970.82752,6477.12576,6635.8116
5970.82752,6477.12576,6635.8116,6635.8116
6477.12576,6635.8116,6635.8116,6371.595
6635.8116,6635.8116,6371.595,6303.63132
6635.8116,6371.595,6303.63132,6447.1968
6371.595,6303.63132,6447.1968,6104.2608
6303.63132,6447.1968,6104.2608,5778.4716
6447.1968,6104.2608,5778.4716,5865.60852
6104.2608,5778.4716,5865.60852,5847.0588
5778.4716,5865.60852,5847.0588,6104.2608
5865.60852,5847.0588,6104.2608,6704.3988
5847.0588,6104.2608,6704.3988,7510.2984
6104.2608,6704.3988,7510.2984,7995.0852
6704.3988,7510.2984,7995.0852,7641.2376
7510.2984,7995.0852,7641.2376,5918.45184
7995.0852,7641.2376,5918.45184,6394.04172
7641.2376,5918.45184,6394.04172,5813.70048
5918.45184,6394.04172,5813.70048,5619.00636
6394.04172,5813.70048,5619.00636,5384.40696
5813.70048,5619.00636,5384.40696,5052.38256
5619.00636,5384.40696,5052.38256,5277.3174
5384.40696,5052.38256,5277.3174,5709.8844
5052.38256,5277.3174,5709.8844,6481.4904
5277.3174,5709.8844,6481.4904,7272.73728
5709.8844,6481.4904,7272.73728,7390.2708
6481.4904,7272.73728,7390.2708,7192.92672
7272.73728,7390.2708,7192.92672,6412.9032
7390.2708,7192.92672,6412.9032,6464.3436
7192.92672,6412.9032,6464.3436,6395.7564
6412.9032,6464.3436,6395.7564,4903.9848
6464.3436,6395.7564,4903.9848,6292.8756
6395.7564,4903.9848,6292.8756,6052.8204
4903.9848,6292.8756,6052.8204,6052.8204
6292.8756,6052.8204,6052.8204,6121.4076
6052.8204,6052.8204,6121.4076,6052.8204
6052.8204,6121.4076,6052.8204,8110.4364
6121.4076,6052.8204,8110.4364,8196.1704
6052.8204,8110.4364,8196.1704,8045.7462
8110.4364,8196.1704,8045.7462,7786.206
8196.1704,8045.7462,7786.206,6746.33052
8045.7462,7786.206,6746.33052,5935.9104
7786.206,6746.33052,5935.9104,5447.07072
6746.33052,5935.9104,5447.07072,4713.8112
5935.9104,5447.07072,4713.8112,5002.50096
5447.07072,4713.8112,5002.50096,5037.72984
4713.8112,5002.50096,5037.72984,5865.60852
5002.50096,5037.72984,5865.60852,5984.2332
5037.72984,5865.60852,5984.2332,7474.75776
5865.60852,5984.2332,7474.75776,7205.39712
5984.2332,7474.75776,7205.39712,6548.83056
7474.75776,7205.39712,6548.83056,6001.38
7205.39712,6548.83056,6001.38,6310.0224
6548.83056,6001.38,6310.0224,5864.2056
6001.38,6310.0224,5864.2056,6031.7766
6310.0224,5864.2056,6031.7766,4764.31632
5864.2056,6031.7766,4764.31632,4730.64624
6031.7766,4764.31632,4730.64624,5774.41872
4764.31632,4730.64624,5774.41872,6228.9648
4730.64624,5774.41872,6228.9648,6464.65536
5774.41872,6228.9648,6464.65536,7518.0924
6228.9648,6464.65536,7518.0924,8013.7908
6464.65536,7518.0924,8013.7908,6366.9186
7518.0924,8013.7908,6366.9186,6824.11464
8013.7908,6366.9186,6824.11464,5915.33424
6366.9186,6824.11464,5915.33424,5900.21388
6824.11464,5915.33424,5900.21388,5761.3248
5915.33424,5900.21388,5761.3248,5726.40768
5900.21388,5761.3248,5726.40768,6024.13848
5761.3248,5726.40768,6024.13848,6599.33568
5726.40768,6024.13848,6599.33568,5534.36352
6024.13848,6599.33568,5534.36352,6267.62304
6599.33568,5534.36352,6267.62304,7482.520584
5534.36352,6267.62304,7482.520584,5895.319248
6267.62304,7482.520584,5895.319248,6429.613536
7482.520584,5895.319248,6429.613536,6094.28448
5895.319248,6429.613536,6094.28448,5709.8844
6429.613536,6094.28448,5709.8844,5912.84016
6094.28448,5709.8844,5912.84016,6001.38
5709.8844,5912.84016,6001.38,5799.484224
5912.84016,6001.38,5799.484224,5851.11168
6001.38,5799.484224,5851.11168,6040.412352
5799.484224,5851.11168,6040.412352,7479.20034
5851.11168,6040.412352,7479.20034,7373.124
6040.412352,7479.20034,7373.124,7630.326
7479.20034,7373.124,7630.326,7476.0048
7373.124,7630.326,7476.0048,6660.44064
7630.326,7476.0048,6660.44064,6082.74936
7476.0048,6660.44064,6082.74936,6292.56384
6660.44064,6082.74936,6292.56384,6847.8084
6082.74936,6292.56384,6847.8084,5636.6208
6292.56384,6847.8084,5636.6208,5307.40224
6847.8084,5636.6208,5307.40224,5242.71204
5636.6208,5307.40224,5242.71204,5260.01472
5307.40224,5242.71204,5260.01472,5829.912
5242.71204,5260.01472,5829.912,6930.4248
5260.01472,5829.912,6930.4248,7897.03668
5829.912,6930.4248,7897.03668,7584.18552
6930.4248,7897.03668,7584.18552,4847.24448
7897.03668,7584.18552,4847.24448,5933.41632
7584.18552,4847.24448,5933.41632,6014.47392
4847.24448,5933.41632,6014.47392,5898.4992
5933.41632,6014.47392,5898.4992,6138.5544
6014.47392,5898.4992,6138.5544,6001.38
5898.4992,6138.5544,6001.38,5744.48976
6138.5544,6001.38,5744.48976,5709.8844
6001.38,5744.48976,5709.8844,6073.24068
5744.48976,5709.8844,6073.24068,6807.2796
5709.8844,6073.24068,6807.2796,7818.9408
6073.24068,6807.2796,7818.9408,7870.3812
6807.2796,7818.9408,7870.3812,7716.99528
7818.9408,7870.3812,7716.99528,7094.0988
7870.3812,7716.99528,7094.0988,6384.68892
7716.99528,7094.0988,6384.68892,5640.67368
7094.0988,6384.68892,5640.67368,5346.52812
6384.68892,5640.67368,5346.52812,5138.89596
5640.67368,5346.52812,5138.89596,4940.77248
5346.52812,5138.89596,4940.77248,4766.18688
5138.89596,4940.77248,4766.18688,5020.1154
4940.77248,4766.18688,5020.1154,5588.76564
4766.18688,5020.1154,5588.76564,6436.59696
5020.1154,5588.76564,6436.59696,6978.7476
5588.76564,6436.59696,6978.7476,6643.44972
6436.59696,6978.7476,6643.44972,3907.9116
6978.7476,6643.44972,3907.9116,7154.892
6643.44972,3907.9116,7154.892,6498.32544
3907.9116,7154.892,6498.32544,6414.15024
7154.892,6498.32544,6414.15024,7272.11376
6498.32544,6414.15024,7272.11376,8264.7576
6414.15024,7272.11376,8264.7576,8058.996
7272.11376,8264.7576,8058.996,7751.60064
8264.7576,8058.996,7751.60064,7267.1256
8058.996,7751.60064,7267.1256,6523.11036
7751.60064,7267.1256,6523.11036,5761.79244
7267.1256,6523.11036,5761.79244,5363.8308
6523.11036,5761.79244,5363.8308,5104.2906
5761.79244,5363.8308,5104.2906,4993.14816
5363.8308,5104.2906,4993.14816,5202.65088
5104.2906,4993.14816,5202.65088,5761.3248
4993.14816,5202.65088,5761.3248,5988.28608
5202.65088,5761.3248,5988.28608,6197.7888
5761.3248,5988.28608,6197.7888,6424.75008
5988.28608,6197.7888,6424.75008,6644.22912
6197.7888,6424.75008,6644.22912,6626.4588
6424.75008,6644.22912,6626.4588,6847.34076
6644.22912,6626.4588,6847.34076,6354.60408
6626.4588,6847.34076,6354.60408,6354.60408
6847.34076,6354.60408,6354.60408,6150.71304
6354.60408,6354.60408,6150.71304,5827.88556
6354.60408,6150.71304,5827.88556,5929.83108
6150.71304,5827.88556,5929.83108,6127.95456
5827.88556,5929.83108,6127.95456,6843.75552
5929.83108,6127.95456,6843.75552,8063.04888
6127.95456,6843.75552,8063.04888,8063.04888
6843.75552,8063.04888,8063.04888,8063.04888
8063.04888,8063.04888,8063.04888,6955.67736
8063.04888,8063.04888,6955.67736,6687.252
8063.04888,6955.67736,6687.252,5709.8844
6955.67736,6687.252,5709.8844,5554.16028
6687.252,5709.8844,5554.16028,5450.3442
5709.8844,5554.16028,5450.3442,5294.62008
5554.16028,5450.3442,5294.62008,5208.10668
5450.3442,5294.62008,5208.10668,5260.01472
5294.62008,5208.10668,5260.01472,5420.88288
5208.10668,5260.01472,5420.88288,6094.28448
5260.01472,5420.88288,6094.28448,6683.51088
5420.88288,6094.28448,6683.51088,6717.18096
6094.28448,6683.51088,6717.18096,6750.85104
6683.51088,6717.18096,6750.85104,6835.02624
6717.18096,6750.85104,6835.02624,6919.20144
6750.85104,6835.02624,6919.20144,6700.34592
6835.02624,6919.20144,6700.34592,6447.82032
6919.20144,6700.34592,6447.82032,6422.56776
6700.34592,6447.82032,6422.56776,6456.5496
6447.82032,6422.56776,6456.5496,6354.60408
6422.56776,6456.5496,6354.60408,6473.54052
6456.5496,6354.60408,6473.54052,7051.2318
6354.60408,6473.54052,7051.2318,8546.43276
6473.54052,7051.2318,8546.43276,8393.51448
7051.2318,8546.43276,8393.51448,8291.56896
8546.43276,8393.51448,8291.56896,7170.16824
8393.51448,8291.56896,7170.16824,7526.97756
8291.56896,7170.16824,7526.97756,3381.19308
7170.16824,7526.97756,3381.19308,5415.73884
7526.97756,3381.19308,5415.73884,5277.3174
3381.19308,5415.73884,5277.3174,6288.35508
5415.73884,5277.3174,6288.35508,5865.60852
5277.3174,6288.35508,5865.60852,6099.74028
6288.35508,5865.60852,6099.74028,6065.75844
5865.60852,6099.74028,6065.75844,6082.74936
6099.74028,6065.75844,6082.74936,6966.2772
6065.75844,6082.74936,6966.2772,6439.55868
6082.74936,6966.2772,6439.55868,6473.54052
6966.2772,6439.55868,6473.54052,6430.98528
6439.55868,6473.54052,6430.98528,6750.85104
6473.54052,6430.98528,6750.85104,6584.3712
6430.98528,6750.85104,6584.3712,6464.3436
6750.85104,6584.3712,6464.3436,6412.9032
6584.3712,6464.3436,6412.9032,6303.63132
6464.3436,6412.9032,6303.63132,6652.9584
6412.9032,6303.63132,6652.9584,7306.0956
6303.63132,6652.9584,7306.0956,8529.44184
6652.9584,7306.0956,8529.44184,8648.37828
7306.0956,8529.44184,8648.37828,8648.37828
8529.44184,8648.37828,8648.37828,7645.914
8648.37828,8648.37828,7645.914,7255.12284
8648.37828,7645.914,7255.12284,6327.1692
7645.914,7255.12284,6327.1692,5970.82752
7255.12284,6327.1692,5970.82752,5796.24192
6327.1692,5970.82752,5796.24192,5484.94956
5970.82752,5796.24192,5484.94956,5707.07856
5796.24192,5484.94956,5707.07856,5865.60852
5484.94956,5707.07856,5865.60852,6116.7312
5707.07856,5865.60852,6116.7312,6807.2796
5865.60852,6116.7312,6807.2796,8024.7024
6116.7312,6807.2796,8024.7024,6807.2796
6807.2796,8024.7024,6807.2796,6670.1052
8024.7024,6807.2796,6670.1052,6779.37708
6807.2796,6670.1052,6779.37708,6738.6924
6670.1052,6779.37708,6738.6924,6721.5456
6779.37708,6738.6924,6721.5456,6515.784
6738.6924,6721.5456,6515.784,6052.8204
6721.5456,6515.784,6052.8204,6350.08356
6515.784,6052.8204,6350.08356,6592.32108
6052.8204,6350.08356,6592.32108,7115.922
6350.08356,6592.32108,7115.922,8179.0236
6592.32108,7115.922,8179.0236,8218.773
7115.922,8179.0236,8218.773,7832.81412
8179.0236,8218.773,7832.81412,7747.85952
8218.773,7832.81412,7747.85952,8410.5054
7832.81412,7747.85952,8410.5054,6167.70396
7747.85952,8410.5054,6167.70396,5522.049
8410.5054,6167.70396,5522.049,5242.71204
6167.70396,5522.049,5242.71204,5126.8932
5522.049,5242.71204,5126.8932,5478.09084
5242.71204,5126.8932,5478.09084,5757.58368
5126.8932,5478.09084,5757.58368,6145.41312
5478.09084,5757.58368,6145.41312,7076.79612
5757.58368,6145.41312,7076.79612,7272.11376
6145.41312,7076.79612,7272.11376,7679.89584
7076.79612,7272.11376,7679.89584,7272.73728
7272.11376,7679.89584,7272.73728,6801.35616
7679.89584,7272.73728,6801.35616,6750.85104
7272.73728,6801.35616,6750.85104,6144.7896
6801.35616,6750.85104,6144.7896,6127.95456
6750.85104,6144.7896,6127.95456,6133.72212
6144.7896,6127.95456,6133.72212,6082.74936
6127.95456,6133.72212,6082.74936,6762.38616
6133.72212,6082.74936,6762.38616,7051.2318
6082.74936,6762.38616,7051.2318,8257.89888
6762.38616,7051.2318,8257.89888,8374.49712
7051.2318,8257.89888,8374.49712,8144.73
8257.89888,8374.49712,8144.73,7218.8028
8374.49712,8144.73,7218.8028,6921.072
8144.73,7218.8028,6921.072,6678.83448
7218.8028,6921.072,6678.83448,6182.66844
6921.072,6678.83448,6182.66844,5846.43528
6678.83448,6182.66844,5846.43528,5757.58368
6182.66844,5846.43528,5757.58368,5722.04304
5846.43528,5757.58368,5722.04304,5988.59784
5757.58368,5722.04304,5988.59784,6378.6096
5722.04304,5988.59784,6378.6096,7767.5004
5988.59784,6378.6096,7767.5004,7613.1792
6378.6096,7767.5004,7613.1792,6700.34592
7767.5004,7613.1792,6700.34592,6851.86128
7613.1792,6700.34592,6851.86128,6952.87152
6700.34592,6851.86128,6952.87152,6902.3664
6851.86128,6952.87152,6902.3664,6835.02624
6952.87152,6902.3664,6835.02624,6643.44972
6902.3664,6835.02624,6643.44972,6439.55868
6835.02624,6643.44972,6439.55868,6412.9032
6643.44972,6439.55868,6412.9032,6601.518
6439.55868,6412.9032,6601.518,7094.0988
6412.9032,6601.518,7094.0988,8357.19444
6601.518,7094.0988,8357.19444,8097.65424
7094.0988,8357.19444,8097.65424,7558.93296
8357.19444,8097.65424,7558.93296,7323.08652
8097.65424,7558.93296,7323.08652,6796.368
7558.93296,7323.08652,6796.368,5433.04152
7323.08652,6796.368,5433.04152,6232.70592
6796.368,5433.04152,6232.70592,5778.78336
5433.04152,6232.70592,5778.78336,5604.19776
6232.70592,5778.78336,5604.19776,5918.45184
5778.78336,5604.19776,5918.45184,6127.95456
5604.19776,5918.45184,6127.95456,7611.93216
5918.45184,6127.95456,7611.93216,7629.39072
6127.95456,7611.93216,7629.39072,7769.0592
7611.93216,7629.39072,7769.0592,6531.99552
7629.39072,7769.0592,6531.99552,6885.53136
7769.0592,6531.99552,6885.53136,6296.30496
6531.99552,6885.53136,6296.30496,6784.52112
6885.53136,6296.30496,6784.52112,6818.1912
6296.30496,6784.52112,6818.1912,6683.51088
6784.52112,6818.1912,6683.51088,6717.18096
6818.1912,6683.51088,6717.18096,6813.35892
6683.51088,6717.18096,6813.35892,6745.39524
6717.18096,6813.35892,6745.39524,7390.2708
6813.35892,6745.39524,7390.2708,8602.70544
6745.39524,7390.2708,8602.70544,8624.8404
7390.2708,8602.70544,8624.8404,8504.8128
8602.70544,8624.8404,8504.8128,8189.62344
8624.8404,8504.8128,8189.62344,7832.81412
8504.8128,8189.62344,7832.81412,7085.21364
8189.62344,7832.81412,7085.21364,5467.64688
7832.81412,7085.21364,5467.64688,5329.22544
7085.21364,5467.64688,5329.22544,5467.64688
5467.64688,5329.22544,5467.64688,5502.25224
5329.22544,5467.64688,5502.25224,6021.33264
5467.64688,5502.25224,6021.33264,6111.11952
5502.25224,6021.33264,6111.11952,6784.52112
6021.33264,6111.11952,6784.52112,6893.0136
6111.11952,6784.52112,6893.0136,6932.29536
6784.52112,6893.0136,6932.29536,6286.6404
6893.0136,6932.29536,6286.6404,6609.46788
6932.29536,6286.6404,6609.46788,6541.5042
6286.6404,6609.46788,6541.5042,6337.61316
6609.46788,6541.5042,6337.61316,6395.7564
6541.5042,6337.61316,6395.7564,6618.6648
6337.61316,6395.7564,6618.6648,6618.6648
6395.7564,6618.6648,6618.6648,6567.2244
6618.6648,6618.6648,6567.2244,7098.7752
6618.6648,6567.2244,7098.7752,8607.6936
6567.2244,7098.7752,8607.6936,8607.6936
7098.7752,8607.6936,8607.6936,8590.5468
8607.6936,8607.6936,8590.5468,8710.5744
8607.6936,8590.5468,8710.5744,7613.1792
8590.5468,8710.5744,7613.1792,7218.8028
8710.5744,7613.1792,7218.8028,5571.46296
7613.1792,7218.8028,5571.46296,5519.55492
7218.8028,5571.46296,5519.55492,5640.67368
5571.46296,5519.55492,5640.67368,5900.99328
5519.55492,5640.67368,5900.99328,6354.91584
5640.67368,5900.99328,6354.91584,7384.97088
5900.99328,6354.91584,7384.97088,7696.88676
6354.91584,7384.97088,7696.88676,7696.88676
7384.97088,7696.88676,7696.88676,6796.368
7696.88676,7696.88676,6796.368,6830.34984
7696.88676,6796.368,6830.34984,7138.05696
6796.368,6830.34984,7138.05696,7003.37664
6830.34984,7138.05696,7003.37664,6286.6404
7138.05696,7003.37664,6286.6404,6955.67736
7003.37664,6286.6404,6955.67736,6453.89964
6286.6404,6955.67736,6453.89964,6955.67736
6955.67736,6453.89964,6955.67736,5502.25224
6453.89964,6955.67736,5502.25224,8218.773
6955.67736,5502.25224,8218.773,8824.3668
5502.25224,8218.773,8824.3668,8213.3172
8218.773,8824.3668,8213.3172,8065.85472
8824.3668,8213.3172,8065.85472,7167.3624
8213.3172,8065.85472,7167.3624,6755.8392
8065.85472,7167.3624,6755.8392,6104.2608
7167.3624,6755.8392,6104.2608,5986.72728
6755.8392,6104.2608,5986.72728,5865.60852
6104.2608,5986.72728,5865.60852,5727.18708
5986.72728,5865.60852,5727.18708,5779.09512
5865.60852,5727.18708,5779.09512,5398.43616
5727.18708,5779.09512,5398.43616,6700.34592
5779.09512,5398.43616,6700.34592,7662.90492
5398.43616,6700.34592,7662.90492,7238.13192
6700.34592,7662.90492,7238.13192,6439.55868
7662.90492,7238.13192,6439.55868,6644.22912
7238.13192,6439.55868,6644.22912,6626.92644
6439.55868,6644.22912,6626.92644,6730.74252
6644.22912,6626.92644,6730.74252,6584.3712
6626.92644,6730.74252,6584.3712,6626.92644
6730.74252,6584.3712,6626.92644,6592.32108
6584.3712,6626.92644,6592.32108,6263.57016
6626.92644,6592.32108,6263.57016,6258.582
6592.32108,6263.57016,6258.582,5555.5632
6263.57016,6258.582,5555.5632,7962.97392
6258.582,5555.5632,7962.97392,8264.7576
5555.5632,7962.97392,8264.7576,8058.996
7962.97392,8264.7576,8058.996,7373.124
8264.7576,8058.996,7373.124,7064.4816
8058.996,7373.124,7064.4816,6755.8392
7373.124,7064.4816,6755.8392,5467.64688
7064.4816,6755.8392,5467.64688,5294.62008
6755.8392,5467.64688,5294.62008,5237.568
5467.64688,5294.62008,5237.568,5156.19864
5294.62008,5237.568,5156.19864,5624.1504
5237.568,5156.19864,5624.1504,6292.8756
5156.19864,5624.1504,6292.8756,7340.07744
5624.1504,6292.8756,7340.07744,7321.6836
6292.8756,7340.07744,7321.6836,6721.5456
7340.07744,7321.6836,6721.5456,6755.8392
7321.6836,6721.5456,6755.8392,6395.7564
6721.5456,6755.8392,6395.7564,6367.38624
6755.8392,6395.7564,6367.38624,6367.38624
6395.7564,6367.38624,6367.38624,6429.2706
6367.38624,6367.38624,6429.2706,6394.04172
6367.38624,6429.2706,6394.04172,6358.81284
6429.2706,6394.04172,6358.81284,6429.2706
6394.04172,6358.81284,6429.2706,6499.72836
6358.81284,6429.2706,6499.72836,6696.13716
6429.2706,6499.72836,6696.13716,6319.99872
6499.72836,6696.13716,6319.99872,5986.72728
6696.13716,6319.99872,5986.72728,5623.371
6319.99872,5986.72728,5623.371,5935.9104
5986.72728,5623.371,5935.9104,5708.94912
5623.371,5935.9104,5708.94912,5692.58172
5935.9104,5708.94912,5692.58172,5484.94956
5708.94912,5692.58172,5484.94956,5447.07072
5692.58172,5484.94956,5447.07072,5534.36352
5484.94956,5447.07072,5534.36352,5586.7392
5447.07072,5534.36352,5586.7392,5866.07616
5534.36352,5586.7392,5866.07616,7336.33632
5586.7392,5866.07616,7336.33632,6634.2528
5866.07616,7336.33632,6634.2528,6529.50144
7336.33632,6634.2528,6529.50144,6211.66212
6634.2528,6529.50144,6211.66212,6471.20232
6529.50144,6211.66212,6471.20232,6038.63532
6211.66212,6471.20232,6038.63532,5778.78336
6471.20232,6038.63532,5778.78336,5727.18708
6038.63532,5778.78336,5727.18708,5604.19776
5778.78336,5727.18708,5604.19776,5727.18708
5727.18708,5604.19776,5727.18708,6232.70592
5604.19776,5727.18708,6232.70592,7249.82292
5727.18708,6232.70592,7249.82292,7993.83816
6232.70592,7249.82292,7993.83816,7699.6926
7249.82292,7993.83816,7699.6926,7262.76096
7993.83816,7699.6926,7262.76096,6878.67264
7699.6926,7262.76096,6878.67264,6886.46664
7262.76096,6878.67264,6886.46664,6903.76932
6878.67264,6886.46664,6903.76932,5952.12192
6886.46664,6903.76932,5952.12192,5865.60852
6903.76932,5952.12192,5865.60852,5831.00316
5952.12192,5865.60852,5831.00316,6055.938
5865.60852,5831.00316,6055.938,6194.35944
5831.00316,6055.938,6194.35944,5675.27904
6055.938,6194.35944,5675.27904,5761.79244
6194.35944,5675.27904,5761.79244,6779.37708
5675.27904,5761.79244,6779.37708,5793.90372
5761.79244,6779.37708,5793.90372,5827.88556
6779.37708,5793.90372,5827.88556,5759.92188
5793.90372,5827.88556,5759.92188,5726.40768
5827.88556,5759.92188,5726.40768,5604.19776
5759.92188,5726.40768,5604.19776,5726.40768
5726.40768,5604.19776,5726.40768,5691.49056
5604.19776,5726.40768,5691.49056,5324.8608
5726.40768,5691.49056,5324.8608,5656.57344
5691.49056,5324.8608,5656.57344,7315.13664
5324.8608,5656.57344,7315.13664,6927.3072
5656.57344,7315.13664,6927.3072,6851.86128
7315.13664,6927.3072,6851.86128,6546.96
6927.3072,6851.86128,6546.96,5866.07616
6851.86128,6546.96,5866.07616,5639.11488
6546.96,5866.07616,5639.11488,5342.31936
5866.07616,5639.11488,5342.31936,5225.40936
5639.11488,5342.31936,5225.40936,5260.01472
5342.31936,5225.40936,5260.01472,5606.06832
5225.40936,5260.01472,5606.06832,5623.371
5260.01472,5606.06832,5623.371,5536.8576
5606.06832,5623.371,5536.8576,5420.10348
5623.371,5536.8576,5420.10348,6439.55868
5536.8576,5420.10348,6439.55868,6694.42248
5420.10348,6439.55868,6694.42248,6303.63132
6439.55868,6694.42248,6303.63132,4927.3668
6694.42248,6303.63132,4927.3668,4308.36732
6303.63132,4927.3668,4308.36732,4155.13728
4927.3668,4308.36732,4155.13728,5656.57344
4308.36732,4155.13728,5656.57344,5656.57344
4155.13728,5656.57344,5656.57344,3805.96608
5656.57344,5656.57344,3805.96608,5639.11488
5656.57344,3805.96608,5639.11488,5656.57344
3805.96608,5639.11488,5656.57344,6215.24736
5639.11488,5656.57344,6215.24736,5831.15904
5656.57344,6215.24736,5831.15904,6218.67672
6215.24736,5831.15904,6218.67672,5827.88556
5831.15904,6218.67672,5827.88556,5488.06716
6218.67672,5827.88556,5488.06716,5311.92276
5827.88556,5488.06716,5311.92276,5086.98792
5488.06716,5311.92276,5086.98792,5062.9824
5311.92276,5086.98792,5062.9824,4808.74212
5086.98792,5062.9824,4808.74212,4614.98328
5062.9824,4808.74212,4614.98328,4315.5378
4808.74212,4614.98328,4315.5378,4474.06776
4614.98328,4315.5378,4474.06776,4801.104
4315.5378,4474.06776,4801.104,5342.31936
4474.06776,4801.104,5342.31936,5813.70048
4801.104,5342.31936,5813.70048,5725.94004
5342.31936,5813.70048,5725.94004,5199.22152
5813.70048,5725.94004,5199.22152,5841.75888
5725.94004,5199.22152,5841.75888,5993.27424
5199.22152,5841.75888,5993.27424,6262.63488
5841.75888,5993.27424,6262.63488,5976.4392
5993.27424,6262.63488,5976.4392,5759.92188
6262.63488,5976.4392,5759.92188,5349.8016
5976.4392,5759.92188,5349.8016,5538.4164
5759.92188,5349.8016,5538.4164,5761.3248
5349.8016,5538.4164,5761.3248,7373.74752
5538.4164,5761.3248,7373.74752,7577.95032
5761.3248,7373.74752,7577.95032,7238.13192
7373.74752,7577.95032,7238.13192,6881.3226
7577.95032,7238.13192,6881.3226,6541.5042
7238.13192,6881.3226,6541.5042,5606.06832
6881.3226,6541.5042,5606.06832,5381.13348
6541.5042,5606.06832,5381.13348,5185.19232
5606.06832,5381.13348,5185.19232,4949.65764
5381.13348,5185.19232,4949.65764,4914.42876
5185.19232,4949.65764,4914.42876,4965.86916
4949.65764,4914.42876,4965.86916,5208.10668
4914.42876,4965.86916,5208.10668,6001.38
4965.86916,5208.10668,6001.38,6936.03648
5208.10668,6001.38,6936.03648,7070.7168
6001.38,6936.03648,7070.7168,6771.73896
6936.03648,7070.7168,6771.73896,6204.64752
7070.7168,6771.73896,6204.64752,6144.7896
6771.73896,6204.64752,6144.7896,6178.45968
6204.64752,6144.7896,6178.45968,6018.5268
6144.7896,6178.45968,6018.5268,5932.7928
6178.45968,6018.5268,5932.7928,5812.7652
6018.5268,5932.7928,5812.7652,6320.62224
5932.7928,5812.7652,6320.62224,7509.98664
5812.7652,6320.62224,7509.98664,7929.30384
6320.62224,7509.98664,7929.30384,8325.5508
7509.98664,7929.30384,8325.5508,8384.7852
7929.30384,8325.5508,8384.7852,7373.124
8325.5508,8384.7852,7373.124,6618.6648
8384.7852,7373.124,6618.6648,5900.99328
7373.124,6618.6648,5900.99328,5604.19776
6618.6648,5900.99328,5604.19776,5349.8016
5900.99328,5604.19776,5349.8016,6652.9584
5604.19776,5349.8016,6652.9584,5255.02656
5349.8016,6652.9584,5255.02656,5412.1536
6652.9584,5255.02656,5412.1536,5949.9396
5255.02656,5412.1536,5949.9396,7187.15916
5412.1536,5949.9396,7187.15916,7883.78688
5949.9396,7187.15916,7883.78688,7136.1864
7187.15916,7883.78688,7136.1864,6618.6648
7883.78688,7136.1864,6618.6648,6721.5456
7136.1864,6618.6648,6721.5456,6678.83448
6618.6648,6721.5456,6678.83448,6337.61316
6721.5456,6678.83448,6337.61316,6532.9308
6678.83448,6337.61316,6532.9308,6635.8116
6337.61316,6532.9308,6635.8116,6436.59696
6532.9308,6635.8116,6436.59696,5156.19864
6635.8116,6436.59696,5156.19864,8083.31328
6436.59696,5156.19864,8083.31328,8599.43196
5156.19864,8083.31328,8599.43196,8599.43196
8083.31328,8599.43196,8599.43196,8339.89176
8599.43196,8599.43196,8339.89176,7943.6448
8599.43196,8339.89176,7943.6448,7450.90812
8339.89176,7943.6448,7450.90812,6605.415
7943.6448,7450.90812,6605.415,5704.27272
7450.90812,6605.415,5704.27272,5544.33984
6605.415,5704.27272,5544.33984,5633.19144
5704.27272,5544.33984,5633.19144,5671.84968
5544.33984,5633.19144,5671.84968,5830.37964
5633.19144,5671.84968,5830.37964,6411.65616
5671.84968,5830.37964,6411.65616,7734.14208
5830.37964,6411.65616,7734.14208,5250.19428
6411.65616,7734.14208,5250.19428,6550.0776
7734.14208,5250.19428,6550.0776,6635.8116
5250.19428,6550.0776,6635.8116,6824.4264
6550.0776,6635.8116,6824.4264,6824.4264
6635.8116,6824.4264,6824.4264,6601.518
6824.4264,6824.4264,6601.518,5881.3524
6824.4264,6601.518,5881.3524,6567.2244
6601.518,5881.3524,6567.2244,6378.6096
5881.3524,6567.2244,6378.6096,6575.0184
6567.2244,6378.6096,6575.0184,7526.6658
6378.6096,6575.0184,7526.6658,7818.9408
6575.0184,7526.6658,7818.9408,8080.35156
7526.6658,7818.9408,8080.35156,7907.32476
7818.9408,8080.35156,7907.32476,7577.01504
8080.35156,7907.32476,7577.01504,7192.92672
7907.32476,7577.01504,7192.92672,6756.46272
7577.01504,7192.92672,6756.46272,6250.16448
7192.92672,6756.46272,6250.16448,5900.8374
6756.46272,6250.16448,5900.8374,5830.37964
6250.16448,5900.8374,5830.37964,5900.8374
5900.8374,5830.37964,5900.8374,5971.29516
5830.37964,5900.8374,5971.29516,6059.36736
5900.8374,5971.29516,6059.36736,7578.8856
5971.29516,6059.36736,7578.8856,7098.7752
6059.36736,7578.8856,7098.7752,5892.264
7578.8856,7098.7752,5892.264,6490.53144
7098.7752,5892.264,6490.53144,6456.5496
5892.264,6490.53144,6456.5496,5369.13072
6490.53144,6456.5496,5369.13072,5131.25784
6456.5496,5369.13072,5131.25784,5058.306
5369.13072,5131.25784,5058.306,5058.306
5131.25784,5058.306,5058.306,6354.60408
5058.306,5058.306,6354.60408,6966.2772
5058.306,6354.60408,6966.2772,7781.84136
6354.60408,6966.2772,7781.84136,8518.53024
6966.2772,7781.84136,8518.53024,8501.6952
7781.84136,8518.53024,8501.6952,8325.5508
8518.53024,8501.6952,8325.5508,7665.08724
8501.6952,8325.5508,7665.08724,7227.84384
8325.5508,7665.08724,7227.84384,6808.8384
7665.08724,7227.84384,6808.8384,6217.89732
7227.84384,6808.8384,6217.89732,5813.70048
6808.8384,6217.89732,5813.70048,5513.31972
6217.89732,5813.70048,5513.31972,5460.4764
5813.70048,5513.31972,5460.4764,5654.23524
5513.31972,5460.4764,5654.23524,6446.88504
5460.4764,5654.23524,6446.88504,7315.13664
5654.23524,6446.88504,7315.13664,7646.84928
6446.88504,7315.13664,7646.84928,6762.38616
7315.13664,7646.84928,6762.38616,6728.40432
7646.84928,6762.38616,6728.40432,6558.49512
6762.38616,6728.40432,6558.49512,5229.774
6728.40432,6558.49512,5229.774,5058.306
6558.49512,5229.774,5058.306,5125.80204
5229.774,5058.306,5125.80204,5104.2906
5058.306,5125.80204,5104.2906,4259.88864
5125.80204,5104.2906,4259.88864,3581.65476
5104.2906,4259.88864,3581.65476,4818.2508
4259.88864,3581.65476,4818.2508,3532.2408
3581.65476,4818.2508,3532.2408,8573.4
4818.2508,3532.2408,8573.4,8053.69608
3532.2408,8573.4,8053.69608,7664.6196
8573.4,8053.69608,7664.6196,6995.8944
8053.69608,7664.6196,6995.8944,6481.4904
7664.6196,6995.8944,6481.4904,6110.496
6995.8944,6481.4904,6110.496,5796.24192
6481.4904,6110.496,5796.24192,5516.90496
6110.496,5796.24192,5516.90496,5401.242
5796.24192,5516.90496,5401.242,5572.71
5516.90496,5401.242,5572.71,6344.316
5401.242,5572.71,6344.316,7525.26288
5572.71,6344.316,7525.26288,7323.2424
6344.316,7525.26288,7323.2424,8053.69608
7525.26288,7323.2424,8053.69608,8087.67792
7323.2424,8053.69608,8087.67792,5165.23968
8053.69608,8087.67792,5165.23968,5281.2144
8087.67792,5165.23968,5281.2144,5161.1868
5165.23968,5281.2144,5161.1868,5377.23648
5281.2144,5161.1868,5377.23648,5255.02656
5161.1868,5377.23648,5255.02656,5324.8608
5377.23648,5255.02656,5324.8608,7197.91488
5255.02656,5324.8608,7197.91488,8357.19444
5324.8608,7197.91488,8357.19444,8668.64268
7197.91488,8357.19444,8668.64268,8607.6936
8357.19444,8668.64268,8607.6936,8281.9044
8668.64268,8607.6936,8281.9044,7595.87652
8607.6936,8281.9044,7595.87652,7221.9204
8281.9044,7595.87652,7221.9204,6482.11392
7595.87652,7221.9204,6482.11392,5953.36896
7221.9204,6482.11392,5953.36896,5761.3248
6482.11392,5953.36896,5761.3248,5830.37964
5953.36896,5761.3248,5830.37964,5615.42112
5761.3248,5830.37964,5615.42112,5830.37964
5830.37964,5615.42112,5830.37964,6162.87168
5615.42112,5830.37964,6162.87168,7028.16156
5830.37964,6162.87168,7028.16156,7227.84384
6162.87168,7028.16156,7227.84384,6961.6008
7028.16156,7227.84384,6961.6008,6910.1604
7227.84384,6961.6008,6910.1604,8325.5508
6961.6008,6910.1604,8325.5508,6813.35892
6910.1604,8325.5508,6813.35892,8401.932
8325.5508,6813.35892,8401.932,8487.666
6813.35892,8401.932,8487.666,8487.666
8401.932,8487.666,8487.666,6550.0776
8487.666,8487.666,6550.0776,6473.54052
8487.666,6550.0776,6473.54052,6515.784
6550.0776,6473.54052,6515.784,8436.2256
6473.54052,6515.784,8436.2256,8547.52392
6515.784,8436.2256,8547.52392,7976.53548
8436.2256,8547.52392,7976.53548,8624.52864
8547.52392,7976.53548,8624.52864,7210.38528
7976.53548,8624.52864,7210.38528,6826.29696
8624.52864,7210.38528,6826.29696,6197.7888
7210.38528,6826.29696,6197.7888,5936.06628
6826.29696,6197.7888,5936.06628,5846.43528
6197.7888,5936.06628,5846.43528,6023.2032
5936.06628,5846.43528,6023.2032,5988.59784
5846.43528,6023.2032,5988.59784,6459.6672
6023.2032,5988.59784,6459.6672,7769.0592
5988.59784,6459.6672,7769.0592,7645.914
6459.6672,7769.0592,7645.914,7543.96848
7769.0592,7645.914,7543.96848,6745.39524
7645.914,7543.96848,6745.39524,6813.35892
7543.96848,6745.39524,6813.35892,5555.5632
6745.39524,6813.35892,5555.5632,5471.07624
6813.35892,5555.5632,5471.07624,5384.0952
5555.5632,5471.07624,5384.0952,5571.46296
5471.07624,5384.0952,5571.46296,5190.804
5384.0952,5571.46296,5190.804,6995.8944
5571.46296,5190.804,6995.8944,7647.4728
5190.804,6995.8944,7647.4728,8196.1704
6995.8944,7647.4728,8196.1704,7943.6448
7647.4728,8196.1704,7943.6448,7908.72768
8196.1704,7943.6448,7908.72768,7594.4736
7943.6448,7908.72768,7594.4736,7646.84928
7908.72768,7594.4736,7646.84928,5988.9096
7594.4736,7646.84928,5988.9096,5636.6208
7646.84928,5988.9096,5636.6208,5390.01864
5988.9096,5636.6208,5390.01864,5231.48868
5636.6208,5390.01864,5231.48868,5460.4764
5390.01864,5231.48868,5460.4764,5566.16304
5231.48868,5460.4764,5566.16304,5727.18708
5460.4764,5566.16304,5727.18708,6332.78088
5566.16304,5727.18708,6332.78088,6498.6372
5727.18708,6332.78088,6498.6372,6841.5732
6332.78088,6498.6372,6841.5732,6772.986
6498.6372,6841.5732,6772.986,6481.4904
6841.5732,6772.986,6481.4904,6464.3436
6772.986,6481.4904,6464.3436,6252.65856
6481.4904,6464.3436,6252.65856,6218.67672
6464.3436,6252.65856,6218.67672,5997.79476
6252.65856,6218.67672,5997.79476,6048.76752
6218.67672,5997.79476,6048.76752,6048.76752
5997.79476,6048.76752,6048.76752,7574.2092
6048.76752,6048.76752,7574.2092,8049.79908
6048.76752,7574.2092,8049.79908,8208.32904
7574.2092,8049.79908,8208.32904,7996.95576
8049.79908,8208.32904,7996.95576,7627.05252
8208.32904,7996.95576,7627.05252,6781.5594
7996.95576,7627.05252,6781.5594,5830.37964
7627.05252,6781.5594,5830.37964,5597.6508
6781.5594,5830.37964,5597.6508,5491.02888
5830.37964,5597.6508,5491.02888,5366.63664
5597.6508,5491.02888,5366.63664,5548.5486
5491.02888,5366.63664,5548.5486,5795.15076
5366.63664,5548.5486,5795.15076,6430.05
5548.5486,5795.15076,6430.05,7407.4176
5795.15076,6430.05,7407.4176,7218.8028
6430.05,7407.4176,7218.8028,6550.0776
7407.4176,7218.8028,6550.0776,5264.0676
7218.8028,6550.0776,5264.0676,4504.30848
6550.0776,5264.0676,4504.30848,6094.908
5264.0676,4504.30848,6094.908,6148.6866
4504.30848,6094.908,6148.6866,5115.35808
6094.908,6148.6866,5115.35808,3613.92192
6148.6866,5115.35808,3613.92192,5516.90496
5115.35808,3613.92192,5516.90496,5289.94368
3613.92192,5516.90496,5289.94368,8461.01052
5516.90496,5289.94368,8461.01052,8744.868
5289.94368,8461.01052,8744.868,8754.37668
8461.01052,8744.868,8754.37668,7803.97632
8744.868,8754.37668,7803.97632,8153.14752
8754.37668,7803.97632,8153.14752,7070.7168
7803.97632,8153.14752,7070.7168,6127.95456
8153.14752,7070.7168,6127.95456,5377.23648
7070.7168,6127.95456,5377.23648,5255.02656
6127.95456,5377.23648,5255.02656,5377.23648
5377.23648,5255.02656,5377.23648,5412.1536
5255.02656,5377.23648,5412.1536,5464.52928
5377.23648,5412.1536,5464.52928,6127.95456
5412.1536,5464.52928,6127.95456,7454.80512
5464.52928,6127.95456,7454.80512,7051.2318
6127.95456,7454.80512,7051.2318,6313.14
7454.80512,7051.2318,6313.14,6481.4904
7051.2318,6313.14,6481.4904,5386.12164
6313.14,6481.4904,5386.12164,5332.6548
6481.4904,5386.12164,5332.6548,5212.6272
5386.12164,5332.6548,5212.6272,3466.14768
5332.6548,5212.6272,3466.14768,5182.2306
5212.6272,3466.14768,5182.2306,6835.02624
3466.14768,5182.2306,6835.02624,7733.2068
5182.2306,6835.02624,7733.2068,8841.66948
6835.02624,7733.2068,8841.66948,8807.06412
7733.2068,8841.66948,8807.06412,8484.86016
8841.66948,8807.06412,8484.86016,8135.68896
8807.06412,8484.86016,8135.68896,7158.0096
8484.86016,8135.68896,7158.0096,6337.45728
8135.68896,7158.0096,6337.45728,5883.53472
7158.0096,6337.45728,5883.53472,5569.28064
6337.45728,5883.53472,5569.28064,5481.98784
5883.53472,5569.28064,5481.98784,5691.49056
5569.28064,5481.98784,5691.49056,5918.45184
5481.98784,5691.49056,5918.45184,6581.87712
5691.49056,5918.45184,6581.87712,4451.9328
5918.45184,6581.87712,4451.9328,7509.98664
6581.87712,4451.9328,7509.98664,6851.86128
4451.9328,7509.98664,6851.86128,6801.35616
7509.98664,6851.86128,6801.35616,6847.34076
6851.86128,6801.35616,6847.34076,6830.34984
6801.35616,6847.34076,6830.34984,6694.42248
6847.34076,6830.34984,6694.42248,6252.65856
6830.34984,6694.42248,6252.65856,6286.6404
6694.42248,6252.65856,6286.6404,5199.22152
6252.65856,6286.6404,5199.22152,6414.15024
6286.6404,5199.22152,6414.15024,7441.7112
5199.22152,6414.15024,7441.7112,7070.7168
6414.15024,7441.7112,7070.7168,8131.32432
7441.7112,7070.7168,8131.32432,7922.601
7070.7168,8131.32432,7922.601,7492.99572
8131.32432,7922.601,7492.99572,7098.7752
7922.601,7492.99572,7098.7752,6263.57016
7492.99572,7098.7752,6263.57016,5761.3248
7098.7752,6263.57016,5761.3248,5778.78336
6263.57016,5761.3248,5778.78336,5601.39192
5761.3248,5778.78336,5601.39192,5478.09084
5778.78336,5601.39192,5478.09084,5272.48512
5601.39192,5478.09084,5272.48512,5394.69504
5478.09084,5272.48512,5394.69504,5831.15904
5272.48512,5394.69504,5831.15904,6796.368
5394.69504,5831.15904,6796.368,7187.15916
5831.15904,6796.368,7187.15916,6966.2772
6796.368,7187.15916,6966.2772,6721.5456
7187.15916,6966.2772,6721.5456,6490.53144
6966.2772,6721.5456,6490.53144,6601.518
6721.5456,6490.53144,6601.518,5486.976
6490.53144,6601.518,5486.976,6490.53144
6601.518,5486.976,6490.53144,5727.0312
5486.976,6490.53144,5727.0312,6490.53144
6490.53144,5727.0312,6490.53144,6439.55868
5727.0312,6490.53144,6439.55868,7508.42784
6490.53144,6439.55868,7508.42784,8198.66448
6439.55868,7508.42784,8198.66448,8189.62344
7508.42784,8198.66448,8189.62344,8230.464
8198.66448,8189.62344,8230.464,7870.3812
8189.62344,8230.464,7870.3812,7509.36312
8230.464,7870.3812,7509.36312,6523.11036
7870.3812,7509.36312,6523.11036,5953.36896
7509.36312,6523.11036,5953.36896,5671.84968
6523.11036,5953.36896,5671.84968,5548.5486
5953.36896,5671.84968,5548.5486,5671.84968
5671.84968,5548.5486,5671.84968,5848.6176
5548.5486,5671.84968,5848.6176,6459.6672
5671.84968,5848.6176,6459.6672,6826.29696
5848.6176,6459.6672,6826.29696,6878.67264
6459.6672,6826.29696,6878.67264,6581.87712
6826.29696,6878.67264,6581.87712,5657.97636
6878.67264,6581.87712,5657.97636,6507.52236
6581.87712,5657.97636,6507.52236,6354.60408
5657.97636,6507.52236,6354.60408,6388.58592
6507.52236,6354.60408,6388.58592,6014.78568
6354.60408,6388.58592,6014.78568,6116.7312
6388.58592,6014.78568,6116.7312,6031.7766
6014.78568,6116.7312,6031.7766,6099.74028
6116.7312,6031.7766,6099.74028,7340.07744
6031.7766,6099.74028,7340.07744,7917.76872
6099.74028,7340.07744,7917.76872,8019.71424
7340.07744,7917.76872,8019.71424,7815.8232
7917.76872,8019.71424,7815.8232,6711.4134
8019.71424,7815.8232,6711.4134,6371.595
7815.8232,6711.4134,6371.595,6550.0776
6711.4134,6371.595,6550.0776,5984.2332
6371.595,6550.0776,5984.2332,5761.79244
6550.0776,5984.2332,5761.79244,5675.27904
5984.2332,5761.79244,5675.27904,5656.57344
5761.79244,5675.27904,5656.57344,5604.19776
5675.27904,5656.57344,5604.19776,5915.646
5656.57344,5604.19776,5915.646,7390.2708
5604.19776,5915.646,7390.2708,7071.96384
5915.646,7390.2708,7071.96384,6538.23072
7390.2708,7071.96384,6538.23072,6464.65536
7071.96384,6538.23072,6464.65536,6767.68608
6538.23072,6464.65536,6767.68608,5471.388
6464.65536,6767.68608,5471.388,5709.8844
6767.68608,5471.388,5709.8844,5536.8576
5471.388,5709.8844,5536.8576,5536.8576
5709.8844,5536.8576,5536.8576,5069.68524
5536.8576,5536.8576,5069.68524,4913.96112
5536.8576,5069.68524,4913.96112,7098.7752
5069.68524,4913.96112,7098.7752,8213.3172
4913.96112,7098.7752,8213.3172,8299.0512
7098.7752,8213.3172,8299.0512,8058.996
8213.3172,8299.0512,8058.996,7716.06
8299.0512,8058.996,7716.06,6652.9584
8058.996,7716.06,6652.9584,6207.1416
7716.06,6652.9584,6207.1416,5847.99408
6652.9584,6207.1416,5847.99408,5425.24752
6207.1416,5847.99408,5425.24752,5337.17532
5847.99408,5425.24752,5337.17532,5390.01864
5425.24752,5337.17532,5390.01864,5583.77748
5337.17532,5390.01864,5583.77748,6180.33024
5390.01864,5583.77748,6180.33024,6292.8756
5583.77748,6180.33024,6292.8756,6575.48604
6180.33024,6292.8756,6575.48604,6633.00576
6292.8756,6575.48604,6633.00576,6750.85104
6575.48604,6633.00576,6750.85104,6565.6656
6633.00576,6750.85104,6565.6656,6252.65856
6750.85104,6565.6656,6252.65856,6150.71304
6565.6656,6252.65856,6150.71304,6065.75844
6252.65856,6150.71304,6065.75844,6133.72212
6150.71304,6065.75844,6133.72212,6031.7766
6065.75844,6133.72212,6031.7766,5369.13072
6133.72212,6031.7766,5369.13072,7102.20456
6031.7766,5369.13072,7102.20456,7201.656
5369.13072,7102.20456,7201.656,7510.2984
7102.20456,7201.656,7510.2984,8054.4304
7201.656,7510.2984,8054.4304,5028.06528
7510.2984,8054.4304,5028.06528,6686.62848
8054.4304,5028.06528,6686.62848,6005.74464
5028.06528,6686.62848,6005.74464,5534.36352
6686.62848,6005.74464,5534.36352,5301.94644
6005.74464,5534.36352,5301.94644,5178.64536
5534.36352,5301.94644,5178.64536,5301.94644
5301.94644,5178.64536,5301.94644,5513.31972
5178.64536,5301.94644,5513.31972,5597.6508
5301.94644,5513.31972,5597.6508,6656.8554
5513.31972,5597.6508,6656.8554,6279.46992
5597.6508,6656.8554,6279.46992,6060.6144
6656.8554,6279.46992,6060.6144,6581.87712
6279.46992,6060.6144,6581.87712,6507.2106
6060.6144,6581.87712,6507.2106,6614.7678
6581.87712,6507.2106,6614.7678,6632.694
6507.2106,6614.7678,6632.694,6184.07136
6614.7678,6632.694,6184.07136,6075.57888
6632.694,6184.07136,6075.57888,5967.0864
6184.07136,6075.57888,5967.0864,6127.95456
6075.57888,5967.0864,6127.95456,7441.08768
5967.0864,6127.95456,7441.08768,8115.8922
6127.95456,7441.08768,8115.8922,7390.2708
7441.08768,8115.8922,7390.2708,6546.96
8115.8922,7390.2708,6546.96,6677.43156
7390.2708,6546.96,6677.43156,6422.56776
6546.96,6677.43156,6422.56776,5518.152
6677.43156,6422.56776,5518.152,5534.36352
6422.56776,5518.152,5534.36352,5220.10944
5518.152,5534.36352,5220.10944,4905.85536
5534.36352,5220.10944,4905.85536,4958.23104
5220.10944,4905.85536,4958.23104,5150.2752
4905.85536,4958.23104,5150.2752,5335.14888
4958.23104,5150.2752,5335.14888,6116.7312
5150.2752,5335.14888,6116.7312,5854.38516
5335.14888,6116.7312,5854.38516,6320.62224
6116.7312,5854.38516,6320.62224,6422.56776
5854.38516,6320.62224,6422.56776,5161.1868
6320.62224,6422.56776,5161.1868,5246.9208
6422.56776,5161.1868,5246.9208,6241.4352
5161.1868,5246.9208,6241.4352,5831.00316
5246.9208,6241.4352,5831.00316,5658.444
6241.4352,5831.00316,5658.444,5692.7376
5831.00316,5658.444,5692.7376,5812.7652
5658.444,5692.7376,5812.7652,6500.81952
5692.7376,5812.7652,6500.81952,7442.02296
5812.7652,6500.81952,7442.02296,7353.639
6500.81952,7442.02296,7353.639,6972.98004
7442.02296,7353.639,6972.98004,6540.41304
7353.639,6972.98004,6540.41304,5656.57344
6972.98004,6540.41304,5656.57344,5743.86624
6540.41304,5656.57344,5743.86624,4870.93824
5656.57344,5743.86624,4870.93824,4731.26976
5743.86624,4870.93824,4731.26976,4597.36884
4870.93824,4731.26976,4597.36884,4456.45332
4731.26976,4597.36884,4456.45332,4791.12768
4597.36884,4456.45332,4791.12768,5178.64536
4456.45332,4791.12768,5178.64536,5827.88556
4791.12768,5178.64536,5827.88556,5199.22152
5178.64536,5827.88556,5199.22152,6439.55868
5827.88556,5199.22152,6439.55868,6550.0776
5199.22152,6439.55868,6550.0776,6430.05
6439.55868,6550.0776,6430.05,6371.595
6550.0776,6430.05,6371.595,6235.66764
6430.05,6371.595,6235.66764,5847.0588
6371.595,6235.66764,5847.0588,5607.0036
6235.66764,5847.0588,5607.0036,5589.8568
5847.0588,5607.0036,5589.8568,5761.3248
5607.0036,5589.8568,5761.3248,7201.656
5589.8568,5761.3248,7201.656,7102.20456
5761.3248,7201.656,7102.20456,7287.39
7201.656,7102.20456,7287.39,7232.52024
7102.20456,7287.39,7232.52024,6567.2244
7287.39,7232.52024,6567.2244,5952.12192
7232.52024,6567.2244,5952.12192,5363.8308
6567.2244,5952.12192,5363.8308,5324.8608
5952.12192,5363.8308,5324.8608,4967.27208
5363.8308,5324.8608,4967.27208,4932.0432
5324.8608,4967.27208,4932.0432,4797.9864
4967.27208,4932.0432,4797.9864,5011.23024
4932.0432,4797.9864,5011.23024,5294.62008
4797.9864,5011.23024,5294.62008,5935.9104
5011.23024,5294.62008,5935.9104,6378.6096
5294.62008,5935.9104,6378.6096,6395.7564
5935.9104,6378.6096,6395.7564,5287.4496
6378.6096,6395.7564,5287.4496,5832.71784
6395.7564,5287.4496,5832.71784,5270.61456
5287.4496,5832.71784,5270.61456,5097.276
5832.71784,5270.61456,5097.276,7630.48188
5270.61456,5097.276,7630.48188,7153.17732
5097.276,7630.48188,7153.17732,6626.4588
7630.48188,7153.17732,6626.4588,7493.1516
7153.17732,6626.4588,7493.1516,7047.3348
6626.4588,7493.1516,7047.3348,6073.24068
7493.1516,7047.3348,6073.24068,5727.18708
7047.3348,6073.24068,5727.18708,5484.94956
6073.24068,5727.18708,5484.94956,5412.1536
5727.18708,5484.94956,5412.1536,5307.40224
5484.94956,5412.1536,5307.40224,5255.02656
5412.1536,5307.40224,5255.02656,5272.48512
5307.40224,5255.02656,5272.48512,5246.9208
5255.02656,5272.48512,5246.9208,5437.0944
5272.48512,5246.9208,5437.0944,5673.40848
5246.9208,5437.0944,5673.40848,5687.59356
5437.0944,5673.40848,5687.59356,5821.02684
5673.40848,5687.59356,5821.02684,5799.67128
5687.59356,5821.02684,5799.67128,5606.06832
5821.02684,5799.67128,5606.06832,5808.0888
5799.67128,5606.06832,5808.0888,5454.55296
5606.06832,5808.0888,5454.55296,5454.08532
5808.0888,5454.55296,5454.08532,5415.73884
5454.55296,5454.08532,5415.73884,5571.46296
5454.08532,5415.73884,5571.46296,6505.80768
5415.73884,5571.46296,6505.80768,6881.3226
5571.46296,6505.80768,6881.3226,7102.20456
6505.80768,6881.3226,7102.20456,7013.0412
6881.3226,7102.20456,7013.0412,6841.5732
7102.20456,7013.0412,6841.5732,6310.0224
7013.0412,6841.5732,6310.0224,5589.8568
6841.5732,6310.0224,5589.8568,5315.508
6310.0224,5589.8568,5315.508,5156.19864
5589.8568,5315.508,5156.19864,4923.31392
5315.508,5156.19864,4923.31392,5150.2752
5156.19864,4923.31392,5150.2752,5132.81664
4923.31392,5150.2752,5132.81664,5303.0376
5150.2752,5132.81664,5303.0376,6077.44944
5132.81664,5303.0376,6077.44944,5959.60416
5303.0376,6077.44944,5959.60416,6021.17676
6077.44944,5959.60416,6021.17676,5954.46012
5959.60416,6021.17676,5954.46012,5148.24876
6021.17676,5954.46012,5148.24876,5301.16704
5954.46012,5148.24876,5301.16704,5301.16704
5148.24876,5301.16704,5301.16704,4585.2102
5301.16704,5301.16704,4585.2102,4886.838
5301.16704,4585.2102,4886.838,4818.2508
4585.2102,4886.838,4818.2508,4886.838
4886.838,4818.2508,4886.838,7000.25904
4818.2508,4886.838,7000.25904,7204.15008
4886.838,7000.25904,7204.15008,7081.6284
7000.25904,7204.15008,7081.6284,7102.20456
7204.15008,7081.6284,7102.20456,7051.2318
7081.6284,7102.20456,7051.2318,5878.85832
7102.20456,7051.2318,5878.85832,5335.14888
7051.2318,5878.85832,5335.14888,5394.69504
5878.85832,5335.14888,5394.69504,5185.19232
5335.14888,5394.69504,5185.19232,4983.17184
5394.69504,5185.19232,4983.17184,4152.6432
5185.19232,4983.17184,4152.6432,4663.9296
4983.17184,4152.6432,4663.9296,4848.49152
4152.6432,4663.9296,4848.49152,5824.92384
4663.9296,4848.49152,5824.92384,6048.76752
4848.49152,5824.92384,6048.76752,6207.1416
5824.92384,6048.76752,6207.1416,5551.82208
6048.76752,6207.1416,5551.82208,5980.80384
6207.1416,5551.82208,5980.80384,5720.95188
5551.82208,5980.80384,5720.95188,5622.90336
5980.80384,5720.95188,5622.90336,5707.07856
5720.95188,5622.90336,5707.07856,5929.83108
5622.90336,5707.07856,5929.83108,5810.89464
5707.07856,5929.83108,5810.89464,6224.2884
5929.83108,5810.89464,6224.2884,5932.7928
5810.89464,6224.2884,5932.7928,7218.8028
6224.2884,5932.7928,7218.8028,6765.34788
5932.7928,7218.8028,6765.34788,6869.16396
7218.8028,6765.34788,6869.16396,6350.08356
6765.34788,6869.16396,6350.08356,6021.33264
6869.16396,6350.08356,6021.33264,5604.19776
6350.08356,6021.33264,5604.19776,5429.61216
6021.33264,5604.19776,5429.61216,5202.65088
5604.19776,5429.61216,5202.65088,4896.81432
5429.61216,5202.65088,4896.81432,4703.05548
5202.65088,4896.81432,4703.05548,4888.3968
4896.81432,4703.05548,4888.3968,5366.9484
4703.05548,4888.3968,5366.9484,5946.822
4888.3968,5366.9484,5946.822,6087.114
5366.9484,5946.822,6087.114,6177.05676
5946.822,6087.114,6177.05676,5946.822
6087.114,6177.05676,5946.822,5774.41872
6177.05676,5946.822,5774.41872,5131.25784
5946.822,5774.41872,5131.25784,4989.7188
5774.41872,5131.25784,4989.7188,5115.35808
5131.25784,4989.7188,5115.35808,5234.4504
4989.7188,5115.35808,5234.4504,5377.86
5115.35808,5234.4504,5377.86,5516.90496
5234.4504,5377.86,5516.90496,6005.74464
5377.86,5516.90496,6005.74464,5935.9104
5516.90496,6005.74464,5935.9104,6040.66176
6005.74464,5935.9104,6040.66176,6073.24068
5935.9104,6040.66176,6073.24068,6018.5268
6040.66176,6073.24068,6018.5268,5658.444
6073.24068,6018.5268,5658.444,5220.10944
6018.5268,5658.444,5220.10944,4723.63164
5658.444,5220.10944,4723.63164,4643.97696
5220.10944,4723.63164,4643.97696,4773.51324
4723.63164,4643.97696,4773.51324,4678.89408
4643.97696,4773.51324,4678.89408,4720.66992
4773.51324,4678.89408,4720.66992,4740.46668
4678.89408,4720.66992,4740.46668,5012.3214
4720.66992,4740.46668,5012.3214,5084.18208
4740.46668,5012.3214,5084.18208,5067.34704
5012.3214,5084.18208,5067.34704,5134.6872
5084.18208,5067.34704,5134.6872,5016.84192
5067.34704,5134.6872,5016.84192,5097.276
5134.6872,5016.84192,5097.276,4553.56656
5016.84192,5097.276,4553.56656,4561.0488
5097.276,4553.56656,4561.0488,4571.181
4553.56656,4561.0488,4571.181,4678.7382
4561.0488,4571.181,4678.7382,4804.2216
4571.181,4678.7382,4804.2216,5447.07072
4678.7382,4804.2216,5447.07072,5530.93416
4804.2216,5447.07072,5530.93416,5865.60852
5447.07072,5530.93416,5865.60852,5579.88048
5530.93416,5865.60852,5579.88048,5575.0482
5865.60852,5579.88048,5575.0482,5270.3028
5579.88048,5575.0482,5270.3028,4888.3968
5575.0482,5270.3028,4888.3968,4286.7
5270.3028,4888.3968,4286.7,4012.3512
4888.3968,4286.7,4012.3512,4312.26432
4286.7,4012.3512,4312.26432,4417.01568
4012.3512,4312.26432,4417.01568,4556.68416
4312.26432,4417.01568,4556.68416,4783.64544
4417.01568,4556.68416,4783.64544,5062.9824
4556.68416,4783.64544,5062.9824,5132.81664
4783.64544,5062.9824,5132.81664,5202.65088
5062.9824,5132.81664,5202.65088,5235.69744
5132.81664,5202.65088,5235.69744,5318.15796
5202.65088,5235.69744,5318.15796,5233.20336
5235.69744,5318.15796,5233.20336,4944.35772
5318.15796,5233.20336,4944.35772,4842.4122
5233.20336,4944.35772,4842.4122,4638.52116
4944.35772,4842.4122,4638.52116,4672.503
4842.4122,4638.52116,4672.503,4281.71184
4638.52116,4672.503,4281.71184,5691.9582
4672.503,4281.71184,5691.9582,6235.66764
4281.71184,5691.9582,6235.66764,6021.33264
5691.9582,6235.66764,6021.33264,6211.66212
6235.66764,6021.33264,6211.66212,5865.60852
6021.33264,6211.66212,5865.60852,5604.19776
6211.66212,5865.60852,5604.19776,5231.48868
5865.60852,5604.19776,5231.48868,4914.42876
5604.19776,5231.48868,4914.42876,4843.971
5231.48868,4914.42876,4843.971,4703.05548
4914.42876,4843.971,4703.05548,4691.36448
4843.971,4703.05548,4691.36448,4709.1348
4703.05548,4691.36448,4709.1348,4655.82384
4691.36448,4709.1348,4655.82384,5348.86632
4709.1348,4655.82384,5348.86632,5267.1852
4655.82384,5348.86632,5267.1852,5046.30324
5348.86632,5267.1852,5046.30324,5590.01268
5267.1852,5046.30324,5590.01268,5539.03992
5046.30324,5590.01268,5539.03992,6694.42248
5590.01268,5539.03992,6694.42248,5318.15796
5539.03992,6694.42248,5318.15796,5335.14888
6694.42248,5318.15796,5335.14888,5250.19428
5318.15796,5335.14888,5250.19428,5246.9208
5335.14888,5250.19428,5246.9208,5332.6548
5250.19428,5246.9208,5332.6548,6327.1692
5246.9208,5332.6548,6327.1692,6388.58592
5332.6548,6327.1692,6388.58592,6541.5042
6327.1692,6388.58592,6541.5042,6388.58592
6388.58592,6541.5042,6388.58592,6286.6404
6541.5042,6388.58592,6286.6404,5727.0312
6388.58592,6286.6404,5727.0312,5454.08532
6286.6404,5727.0312,5454.08532,5115.35808
5727.0312,5454.08532,5115.35808,4940.77248
5454.08532,5115.35808,4940.77248,4958.23104
5115.35808,4940.77248,4958.23104,5010.60672
4940.77248,4958.23104,5010.60672,5028.06528
4958.23104,5010.60672,5028.06528,5167.73376
5010.60672,5028.06528,5167.73376,5369.13072
5028.06528,5167.73376,5369.13072,5386.12164
5167.73376,5369.13072,5386.12164,5335.14888
5369.13072,5386.12164,5335.14888,5454.55296
5386.12164,5335.14888,5454.55296,5437.71792
5335.14888,5454.55296,5437.71792,5538.72816
5454.55296,5437.71792,5538.72816,5252.53248
5437.71792,5538.72816,5252.53248,5303.0376
5538.72816,5252.53248,5303.0376,5218.8624
5252.53248,5303.0376,5218.8624,5352.1398
5303.0376,5218.8624,5352.1398,5505.05808
5218.8624,5352.1398,5505.05808,6541.5042
5352.1398,5505.05808,6541.5042,7238.13192
5505.05808,6541.5042,7238.13192,7255.12284
6541.5042,7238.13192,7255.12284,7133.0688
7238.13192,7255.12284,7133.0688,6610.55904
7255.12284,7133.0688,6610.55904,5915.646
7133.0688,6610.55904,5915.646,5879.7936
6610.55904,5915.646,5879.7936,5270.3028
5915.646,5879.7936,5270.3028,5324.0814
5879.7936,5270.3028,5324.0814,5207.63904
5270.3028,5324.0814,5207.63904,5388.45984
5324.0814,5207.63904,5388.45984,5726.71944
5207.63904,5388.45984,5726.71944,5872.62312
5388.45984,5726.71944,5872.62312,6930.4248
5726.71944,5872.62312,6930.4248,6060.6144
5872.62312,6930.4248,6060.6144,5622.90336
6930.4248,6060.6144,5622.90336,5912.84016
6060.6144,5622.90336,5912.84016,6127.95456
5622.90336,5912.84016,6127.95456,5114.26692
5912.84016,6127.95456,5114.26692,5012.3214
6127.95456,5114.26692,5012.3214,4852.5444
5114.26692,5012.3214,4852.5444,4774.44852
5012.3214,4852.5444,4774.44852,4876.39404
4852.5444,4774.44852,4876.39404,4831.65648
4774.44852,4876.39404,4831.65648,7747.85952
4876.39404,4831.65648,7747.85952,7934.75964
4831.65648,7747.85952,7934.75964,7968.74148
7747.85952,7934.75964,7968.74148,7068.22272
7934.75964,7968.74148,7068.22272,6817.25592
7968.74148,7068.22272,6817.25592,6529.50144
7068.22272,6817.25592,6529.50144,5988.28608
6817.25592,6529.50144,5988.28608,5534.36352
6529.50144,5988.28608,5534.36352,5202.65088
5988.28608,5534.36352,5202.65088,5115.35808
5534.36352,5202.65088,5115.35808,5188.93344
5202.65088,5115.35808,5188.93344,5331.096
5115.35808,5188.93344,5331.096,6095.21976
5188.93344,5331.096,6095.21976,7000.25904
5331.096,6095.21976,7000.25904,6666.67584
6095.21976,7000.25904,6666.67584,6161.62464
7000.25904,6666.67584,6161.62464,5740.74864
6666.67584,6161.62464,5740.74864,6666.67584
6161.62464,5740.74864,6666.67584,7374.05928
5740.74864,6666.67584,7374.05928,6694.42248
6666.67584,7374.05928,6694.42248,6350.08356
7374.05928,6694.42248,6350.08356,6515.784
6694.42248,6350.08356,6515.784,6498.6372
6350.08356,6515.784,6498.6372,6652.9584
6515.784,6498.6372,6652.9584,8080.35156
6498.6372,6652.9584,8080.35156,8755.15608
6652.9584,8080.35156,8755.15608,8504.8128
8080.35156,8755.15608,8504.8128,8305.2864
8755.15608,8504.8128,8305.2864,7000.88256
8504.8128,8305.2864,7000.88256,6791.37984
8305.2864,7000.88256,6791.37984,6442.20864
7000.88256,6791.37984,6442.20864,5548.5486
6791.37984,6442.20864,5548.5486,5460.4764
6442.20864,5548.5486,5460.4764,5604.19776
5548.5486,5460.4764,5604.19776,5689.46412
5460.4764,5604.19776,5689.46412,5953.68072
5604.19776,5689.46412,5953.68072,6217.89732
5689.46412,5953.68072,6217.89732,6961.6008
5953.68072,6217.89732,6961.6008,7153.17732
6217.89732,6961.6008,7153.17732,6303.63132
6961.6008,7153.17732,6303.63132,6235.66764
7153.17732,6303.63132,6235.66764,5727.0312
6303.63132,6235.66764,5727.0312,5709.8844
6235.66764,5727.0312,5709.8844,5674.96728
5727.0312,5709.8844,5674.96728,5759.92188
5709.8844,5674.96728,5759.92188,5298.3612
5674.96728,5759.92188,5298.3612,5418.3888
5759.92188,5298.3612,5418.3888,7204.15008
5298.3612,5418.3888,7204.15008,8436.2256
5418.3888,7204.15008,8436.2256,8487.666
7204.15008,8436.2256,8487.666,8470.5192
8436.2256,8487.666,8470.5192,8121.65976
8487.666,8470.5192,8121.65976,7255.12284
8470.5192,8121.65976,7255.12284,7887.528
8121.65976,7255.12284,7887.528,5864.2056
7255.12284,7887.528,5864.2056,5761.79244
7887.528,5864.2056,5761.79244,5636.6208
5864.2056,5761.79244,5636.6208,5442.86196
5761.79244,5636.6208,5442.86196,5384.40696
5636.6208,5442.86196,5384.40696,5846.43528
5442.86196,5384.40696,5846.43528,6004.02996
5384.40696,5846.43528,6004.02996,6817.25592
5846.43528,6004.02996,6817.25592,7161.43896
6004.02996,6817.25592,7161.43896,6412.9032
6817.25592,7161.43896,6412.9032,6550.0776
7161.43896,6412.9032,6550.0776,5281.2144
6412.9032,6550.0776,5281.2144,5212.6272
6550.0776,5281.2144,5212.6272,5052.38256
5281.2144,5212.6272,5052.38256,4827.44772
5212.6272,5052.38256,4827.44772,4783.9572
5052.38256,4827.44772,4783.9572,4852.5444
4827.44772,4783.9572,4852.5444,4869.6912
4783.9572,4852.5444,4869.6912,7956.1152
4852.5444,4869.6912,7956.1152,7730.8686
4869.6912,7956.1152,7730.8686,7713.87768
7956.1152,7730.8686,7713.87768,7543.96848
7730.8686,7713.87768,7543.96848,6869.16396
7713.87768,7543.96848,6869.16396,5900.8374
7543.96848,6869.16396,5900.8374,5178.64536
6869.16396,5900.8374,5178.64536,5011.23024
5900.8374,5178.64536,5011.23024,4993.45992
5178.64536,5011.23024,4993.45992,4904.60832
5011.23024,4993.45992,4904.60832,4797.9864
4993.45992,4904.60832,4797.9864,5029.00056
4904.60832,4797.9864,5029.00056,5722.04304
4797.9864,5029.00056,5722.04304,7125.89832
5029.00056,5722.04304,7125.89832,6966.2772
5722.04304,7125.89832,6966.2772,6035.6736
7125.89832,6966.2772,6035.6736,6035.6736
6966.2772,6035.6736,6035.6736,3926.6172
6035.6736,6035.6736,3926.6172,5058.306
6035.6736,3926.6172,5058.306,4921.1316
3926.6172,5058.306,4921.1316,4663.9296
5058.306,4921.1316,4663.9296,4475.3148
4921.1316,4663.9296,4475.3148,4698.2232
4663.9296,4475.3148,4698.2232,4766.8104
4475.3148,4698.2232,4766.8104,7577.95032
4698.2232,4766.8104,7577.95032,7459.01388
4766.8104,7577.95032,7459.01388,7357.06836
7577.95032,7459.01388,7357.06836,7197.91488
7459.01388,7357.06836,7197.91488,6038.63532
7357.06836,7197.91488,6038.63532,5425.24752
7197.91488,6038.63532,5425.24752,5178.64536
6038.63532,5425.24752,5178.64536,4691.36448
5425.24752,5178.64536,4691.36448,4579.7544
5178.64536,4691.36448,4579.7544,4602.51288
4691.36448,4579.7544,4602.51288,4638.05352
4579.7544,4602.51288,4638.05352,5045.52384
4602.51288,4638.05352,5045.52384,5502.25224
4638.05352,5045.52384,5502.25224,7699.6926
5045.52384,5502.25224,7699.6926,6711.4134
5502.25224,7699.6926,6711.4134,5812.7652
7699.6926,6711.4134,5812.7652,5984.2332
6711.4134,5812.7652,5984.2332,6039.41472
5812.7652,5984.2332,6039.41472,4536.57564
5984.2332,6039.41472,4536.57564,4468.61196
6039.41472,4536.57564,4468.61196,4298.70276
4536.57564,4468.61196,4298.70276,3839.94792
4468.61196,4298.70276,3839.94792,4412.1834
4298.70276,3839.94792,4412.1834,5812.7652
3839.94792,4412.1834,5812.7652,6915.30444
4412.1834,5812.7652,6915.30444,7306.0956
5812.7652,6915.30444,7306.0956,7136.1864
6915.30444,7306.0956,7136.1864,6835.02624
7306.0956,7136.1864,6835.02624,6346.81008
7136.1864,6835.02624,6346.81008,6195.29472
6835.02624,6346.81008,6195.29472,5969.4246
6346.81008,6195.29472,5969.4246,5307.40224
6195.29472,5969.4246,5307.40224,4870.93824
5969.4246,5307.40224,4870.93824,4486.84992
5307.40224,4870.93824,4486.84992,4207.51296
4870.93824,4486.84992,4207.51296,4269.5532
4486.84992,4207.51296,4269.5532,5196.2598
4207.51296,4269.5532,5196.2598,5442.86196
4269.5532,5196.2598,5442.86196,5812.7652
5196.2598,5442.86196,5812.7652,5641.2972
5442.86196,5812.7652,5641.2972,5795.6184
5812.7652,5641.2972,5795.6184,5590.01268
5641.2972,5795.6184,5590.01268,5556.03084
5795.6184,5590.01268,5556.03084,5235.69744
5590.01268,5556.03084,5235.69744,4781.15136
5556.03084,5235.69744,4781.15136,4663.30608
5235.69744,4781.15136,4663.30608,4655.51208
4781.15136,4663.30608,4655.51208,4915.83168
4663.30608,4655.51208,4915.83168,6978.7476
4655.51208,4915.83168,6978.7476,7272.11376
4915.83168,6978.7476,7272.11376,6927.3072
6978.7476,7272.11376,6927.3072,5264.0676
7272.11376,6927.3072,5264.0676,6043.77936
6927.3072,5264.0676,6043.77936,5757.58368
5264.0676,6043.77936,5757.58368,5727.18708
6043.77936,5757.58368,5727.18708,5289.94368
5757.58368,5727.18708,5289.94368,5062.9824
5727.18708,5289.94368,5062.9824,4713.8112
5289.94368,5062.9824,4713.8112,4678.89408
5062.9824,4713.8112,4678.89408,4905.85536
4713.8112,4678.89408,4905.85536,5182.2306
4678.89408,4905.85536,5182.2306,6371.595
4905.85536,5182.2306,6371.595,6155.7012
5182.2306,6371.595,6155.7012,6378.6096
6371.595,6155.7012,6378.6096,5986.72728
6155.7012,6378.6096,5986.72728,5607.0036
6378.6096,5986.72728,5607.0036,5264.0676
5986.72728,5607.0036,5264.0676,5260.01472
5607.0036,5264.0676,5260.01472,5144.04
5264.0676,5260.01472,5144.04,4646.7828
5260.01472,5144.04,4646.7828,4543.902
5144.04,4646.7828,4543.902,5115.35808
4646.7828,4543.902,5115.35808,7419.888
4543.902,5115.35808,7419.888,7611.93216
5115.35808,7419.888,7611.93216,7437.34656
7419.888,7611.93216,7437.34656,6983.424
7611.93216,7437.34656,6983.424,6337.45728
7437.34656,6983.424,6337.45728,5115.35808
6983.424,6337.45728,5115.35808,4696.35264
6337.45728,5115.35808,4696.35264,4591.60128
5115.35808,4696.35264,4591.60128,4315.5378
4696.35264,4591.60128,4315.5378,4051.3212
4591.60128,4315.5378,4051.3212,4190.0544
4315.5378,4051.3212,4190.0544,4469.39136
4051.3212,4190.0544,4469.39136,4783.9572
4190.0544,4469.39136,4783.9572,6150.71304
4469.39136,4783.9572,6150.71304,6932.29536
4783.9572,6150.71304,6932.29536,6949.28628
6150.71304,6932.29536,6949.28628,5744.178
6932.29536,6949.28628,5744.178,5161.1868
6949.28628,5744.178,5161.1868,5075.4528
5744.178,5161.1868,5075.4528,4886.838
5161.1868,5075.4528,4886.838,4766.8104
5075.4528,4886.838,4766.8104,4663.9296
4886.838,4766.8104,4663.9296,4792.84236
4766.8104,4663.9296,4792.84236,4827.44772
4663.9296,4792.84236,4827.44772,7111.40148
4792.84236,4827.44772,7111.40148,7646.84928
4827.44772,7111.40148,7646.84928,7232.52024
7111.40148,7646.84928,7232.52024,6755.8392
7646.84928,7232.52024,6755.8392,6678.83448
7232.52024,6755.8392,6678.83448,6354.91584
6755.8392,6678.83448,6354.91584,5866.07616
6678.83448,6354.91584,5866.07616,5586.7392
6354.91584,5866.07616,5586.7392,4914.42876
5866.07616,5586.7392,4914.42876,4262.69448
5586.7392,4914.42876,4262.69448,4300.41744
4914.42876,4262.69448,4300.41744,4491.6822
4262.69448,4300.41744,4491.6822,5125.80204
4300.41744,4491.6822,5125.80204,6267.62304
4491.6822,5125.80204,6267.62304,7647.4728
5125.80204,6267.62304,7647.4728,6065.75844
6267.62304,7647.4728,6065.75844,5640.98544
7647.4728,6065.75844,5640.98544,4553.56656
6065.75844,5640.98544,4553.56656,5250.19428
5640.98544,4553.56656,5250.19428,5012.3214
4553.56656,5250.19428,5012.3214,4852.5444
5250.19428,5012.3214,4852.5444,4886.838
5012.3214,4852.5444,4886.838,4989.7188
4852.5444,4886.838,4989.7188,5469.8292
4886.838,4989.7188,5469.8292,6807.2796
4989.7188,5469.8292,6807.2796,6782.65056
5469.8292,6807.2796,6782.65056,7146.00684
6807.2796,6782.65056,7146.00684,6748.0452
6782.65056,7146.00684,6748.0452,5398.43616
7146.00684,6748.0452,5398.43616,4983.17184
6748.0452,5398.43616,4983.17184,4597.36884
5398.43616,4983.17184,4597.36884,4421.22444
4983.17184,4597.36884,4421.22444,4174.62228
4597.36884,4421.22444,4174.62228,4051.63296
4421.22444,4174.62228,4051.63296,3945.01104
4174.62228,4051.63296,3945.01104,4526.91108
4051.63296,3945.01104,4526.91108,5372.4042
3945.01104,4526.91108,5372.4042,6038.63532
4526.91108,5372.4042,6038.63532,6592.47696
5372.4042,6038.63532,6592.47696,6286.6404
6038.63532,6592.47696,6286.6404,6023.2032
6592.47696,6286.6404,6023.2032,5882.9112
6286.6404,6023.2032,5882.9112,5725.94004
6023.2032,5882.9112,5725.94004,5607.0036
5882.9112,5725.94004,5607.0036,5272.48512
5725.94004,5607.0036,5272.48512,5260.01472
5607.0036,5272.48512,5260.01472,5260.01472
5272.48512,5260.01472,5260.01472,5952.12192
5260.01472,5260.01472,5952.12192,7319.03364
5260.01472,5952.12192,7319.03364,7609.43808
5952.12192,7319.03364,7609.43808,8155.48572
7319.03364,7609.43808,8155.48572,6669.16992
7609.43808,8155.48572,6669.16992,6127.95456
8155.48572,6669.16992,6127.95456,5237.568
6669.16992,6127.95456,5237.568,3683.75616
6127.95456,5237.568,3683.75616,4667.8266
5237.568,3683.75616,4667.8266,4385.99556
3683.75616,4667.8266,4385.99556,4371.49872
4667.8266,4385.99556,4371.49872,4318.18776
4385.99556,4371.49872,4318.18776,4602.51288
4371.49872,4318.18776,4602.51288,5675.27904
4318.18776,4602.51288,5675.27904,6285.0816
4602.51288,5675.27904,6285.0816,6903.76932
5675.27904,6285.0816,6903.76932,6512.04288
6285.0816,6903.76932,6512.04288,5691.49056
6903.76932,6512.04288,5691.49056,6640.17624
6512.04288,5691.49056,6640.17624,5591.540304
5691.49056,6640.17624,5591.540304,5522.080176
6640.17624,5591.540304,5522.080176,6807.092544
5591.540304,5522.080176,6807.092544,6668.172288
5522.080176,6807.092544,6668.172288,5110.790796
6807.092544,6668.172288,5110.790796,6599.33568
6668.172288,5110.790796,6599.33568,8253.191304
5110.790796,6599.33568,8253.191304,7016.953788
6599.33568,8253.191304,7016.953788,6764.319072
8253.191304,7016.953788,6764.319072,6643.52766
7016.953788,6764.319072,6643.52766,5447.678652
6764.319072,6643.52766,5447.678652,5460.4764
6643.52766,5447.678652,5460.4764,5378.919984
5447.678652,5460.4764,5378.919984,4206.11004
5460.4764,5378.919984,4206.11004,4350.76668
5378.919984,4206.11004,4350.76668,4389.26904
4206.11004,4350.76668,4389.26904,4353.7284
4350.76668,4389.26904,4353.7284,4624.9596
4389.26904,4353.7284,4624.9596,5646.753
4353.7284,4624.9596,5646.753,7578.1062
4624.9596,5646.753,7578.1062,7272.11376
5646.753,7578.1062,7272.11376,5740.74864
7578.1062,7272.11376,5740.74864,5674.032
7272.11376,5740.74864,5674.032,5415.73884
5740.74864,5674.032,5415.73884,3788.50752
5674.032,5415.73884,3788.50752,5028.06528
5415.73884,3788.50752,5028.06528,5301.94644
3788.50752,5028.06528,5301.94644,6076.9818
5028.06528,5301.94644,6076.9818,6253.1262
5301.94644,6076.9818,6253.1262,7257.14928
6076.9818,6253.1262,7257.14928,7751.60064
6253.1262,7257.14928,7751.60064,7068.22272
7257.14928,7751.60064,7068.22272,8036.70516
7751.60064,7068.22272,8036.70516,7815.8232
7068.22272,8036.70516,7815.8232,8121.65976
8036.70516,7815.8232,8121.65976,7924.62744
7815.8232,8121.65976,7924.62744,5953.36896
8121.65976,7924.62744,5953.36896,5674.032
7924.62744,5953.36896,5674.032,5220.10944
5953.36896,5674.032,5220.10944,4861.58544
5674.032,5220.10944,4861.58544,4932.0432
5220.10944,4861.58544,4932.0432,5028.06528
4861.58544,4932.0432,5028.06528,5398.43616
4932.0432,5028.06528,5398.43616,6488.505
5028.06528,5398.43616,6488.505,6488.505
5398.43616,6488.505,6488.505,6834.5586
6488.505,6488.505,6834.5586,6609.46788
6488.505,6834.5586,6609.46788,6344.316
6834.5586,6609.46788,6344.316,6515.784
6609.46788,6344.316,6515.784,6241.4352
6344.316,6515.784,6241.4352,5881.3524
6515.784,6241.4352,5881.3524,5607.0036
6241.4352,5881.3524,5607.0036,5829.912
5881.3524,5607.0036,5829.912,5881.3524
5607.0036,5829.912,5881.3524,7527.4452
5829.912,5881.3524,7527.4452,8223.60528
5881.3524,7527.4452,8223.60528,8138.65068
7527.4452,8223.60528,8138.65068,8665.3692
8223.60528,8138.65068,8665.3692,7292.37816
8138.65068,8665.3692,7292.37816,6464.49948
8665.3692,7292.37816,6464.49948,6006.52404
7292.37816,6464.49948,6006.52404,5796.24192
6464.49948,6006.52404,5796.24192,5429.61216
6006.52404,5796.24192,5429.61216,5125.80204
5796.24192,5429.61216,5125.80204,5045.52384
5429.61216,5125.80204,5045.52384,5208.10668
5125.80204,5045.52384,5208.10668,5779.09512
5045.52384,5208.10668,5779.09512,6567.2244
5208.10668,5779.09512,6567.2244,5882.9112
5779.09512,6567.2244,5882.9112,6886.46664
6567.2244,5882.9112,6886.46664,6541.5042
5882.9112,6886.46664,6541.5042,6155.7012
6886.46664,6541.5042,6155.7012,5486.976
6541.5042,6155.7012,5486.976,5301.16704
6155.7012,5486.976,5301.16704,5126.8932
5486.976,5301.16704,5126.8932,6886.46664
5301.16704,5126.8932,6886.46664,5190.804
5126.8932,6886.46664,5190.804,5294.62008
6886.46664,5190.804,5294.62008,8236.07568
5190.804,5294.62008,8236.07568,7962.97392
5294.62008,8236.07568,7962.97392,7613.1792
8236.07568,7962.97392,7613.1792,7561.7388
7962.97392,7613.1792,7561.7388,6494.58432
7613.1792,7561.7388,6494.58432,6197.7888
7561.7388,6494.58432,6197.7888,5213.87424
6494.58432,6197.7888,5213.87424,5062.9824
6197.7888,5213.87424,5062.9824,4748.72832
5213.87424,5062.9824,4748.72832,4703.05548
5062.9824,4748.72832,4703.05548,5062.9824
4748.72832,4703.05548,5062.9824,5450.3442
4703.05548,5062.9824,5450.3442,6159.75408
5062.9824,5450.3442,6159.75408,6584.3712
5450.3442,6159.75408,6584.3712,7215.21756
6159.75408,6584.3712,7215.21756,6782.65056
6584.3712,7215.21756,6782.65056,6456.5496
7215.21756,6782.65056,6456.5496,6258.582
6782.65056,6456.5496,6258.582,6155.7012
6456.5496,6258.582,6155.7012,5674.96728
6258.582,6155.7012,5674.96728,5624.1504
6155.7012,5674.96728,5624.1504,6177.05676
5674.96728,5624.1504,6177.05676,6315.4782
5624.1504,6177.05676,6315.4782,6748.0452
6177.05676,6315.4782,6748.0452,8132.2596
6315.4782,6748.0452,8132.2596,7777.78848
6748.0452,8132.2596,7777.78848,7458.858
8132.2596,7777.78848,7458.858,7270.2432
7777.78848,7458.858,7270.2432,6773.92128
7458.858,7270.2432,6773.92128,5900.99328
7270.2432,6773.92128,5900.99328,5442.86196
6773.92128,5900.99328,5442.86196,4595.3424
5900.99328,5442.86196,4595.3424,4412.1834
5442.86196,4595.3424,4412.1834,4252.4064
4595.3424,4412.1834,4252.4064,4441.0212
4412.1834,4252.4064,4441.0212,4492.4616
4252.4064,4441.0212,4492.4616,5744.48976
4441.0212,4492.4616,5744.48976,6310.0224
4492.4616,5744.48976,6310.0224,6851.86128
5744.48976,6310.0224,6851.86128,7115.922
6310.0224,6851.86128,7115.922,7218.8028
6851.86128,7115.922,7218.8028,6507.52236
7115.922,7218.8028,6507.52236,6354.60408
7218.8028,6507.52236,6354.60408,5829.912
6507.52236,6354.60408,5829.912,5420.10348
6354.60408,5829.912,5420.10348,5352.1398
5829.912,5420.10348,5352.1398,5260.01472
5420.10348,5352.1398,5260.01472,5831.00316
5352.1398,5260.01472,5831.00316,7319.03364
5260.01472,5831.00316,7319.03364,6944.454
5831.00316,7319.03364,6944.454,7249.82292
7319.03364,6944.454,7249.82292,6791.37984
6944.454,7249.82292,6791.37984,6407.29152
7249.82292,6791.37984,6407.29152,6110.496
6791.37984,6407.29152,6110.496,5354.78976
6407.29152,6110.496,5354.78976,4914.42876
6110.496,5354.78976,4914.42876,4726.90512
5354.78976,4914.42876,4726.90512,4780.21608
4914.42876,4726.90512,4780.21608,4940.14896
4726.90512,4780.21608,4940.14896,5161.03092
4780.21608,4940.14896,5161.03092,5363.8308
4940.14896,5161.03092,5363.8308,6001.38
5161.03092,5363.8308,6001.38,6395.7564
5363.8308,6001.38,6395.7564,6344.316
6001.38,6395.7564,6344.316,6395.7564
6395.7564,6344.316,6395.7564,5864.2056
6344.316,6395.7564,5864.2056,6121.4076
6395.7564,5864.2056,6121.4076,5401.242
5864.2056,6121.4076,5401.242,5915.646
6121.4076,5401.242,5915.646,5795.6184
5401.242,5915.646,5795.6184,5967.0864
5915.646,5795.6184,5967.0864,6481.4904
5795.6184,5967.0864,6481.4904,7270.2432
5967.0864,6481.4904,7270.2432,7459.01388
6481.4904,7270.2432,7459.01388,7561.7388
7270.2432,7459.01388,7561.7388,7441.7112
7459.01388,7561.7388,7441.7112,7424.5644
7561.7388,7441.7112,7424.5644,6407.29152
7441.7112,7424.5644,6407.29152,5621.65632
7424.5644,6407.29152,5621.65632,5513.31972
6407.29152,5621.65632,5513.31972,5313.32568
5621.65632,5513.31972,5313.32568,4957.91928
5513.31972,5313.32568,4957.91928,5161.03092
5313.32568,4957.91928,5161.03092,4967.27208
4957.91928,5161.03092,4967.27208,5349.8016
5161.03092,4967.27208,5349.8016,6704.3988
4967.27208,5349.8016,6704.3988,6898.31352
5349.8016,6704.3988,6898.31352,6515.784
6704.3988,6898.31352,6515.784,6584.3712
6898.31352,6515.784,6584.3712,6618.6648
6515.784,6584.3712,6618.6648,5967.0864
6584.3712,6618.6648,5967.0864,5778.4716
6618.6648,5967.0864,5778.4716,5572.71
5967.0864,5778.4716,5572.71,5415.73884
5778.4716,5572.71,5415.73884,5363.8308
5572.71,5415.73884,5363.8308,5640.67368
5415.73884,5363.8308,5640.67368,7255.12284
5363.8308,5640.67368,7255.12284,7900.7778
5640.67368,7255.12284,7900.7778,7904.6748
7255.12284,7900.7778,7904.6748,7767.5004
7900.7778,7904.6748,7767.5004,7353.639
7904.6748,7767.5004,7353.639,6075.57888
7767.5004,7353.639,6075.57888,5534.36352
7353.639,6075.57888,5534.36352,5372.4042
6075.57888,5534.36352,5372.4042,4993.45992
5534.36352,5372.4042,4993.45992,4655.82384
5372.4042,4993.45992,4655.82384,4861.58544
4993.45992,4655.82384,4861.58544,5090.57316
4655.82384,4861.58544,5090.57316,5864.2056
4861.58544,5090.57316,5864.2056,6738.6924
5090.57316,5864.2056,6738.6924,7013.0412
5864.2056,6738.6924,7013.0412,6990.28272
6738.6924,7013.0412,6990.28272,5984.2332
7013.0412,6990.28272,5984.2332,6138.5544
6990.28272,5984.2332,6138.5544,5847.0588
5984.2332,6138.5544,5847.0588,5554.16028
6138.5544,5847.0588,5554.16028,5844.87648
5847.0588,5554.16028,5844.87648,7730.8686
5554.16028,5844.87648,7730.8686,7306.0956
5844.87648,7730.8686,7306.0956,7458.858
7730.8686,7306.0956,7458.858,7476.0048
7306.0956,7458.858,7476.0048,6601.518
7458.858,7476.0048,6601.518,6361.4628
7476.0048,6601.518,6361.4628,6005.74464
6601.518,6361.4628,6005.74464,5495.70528
6361.4628,6005.74464,5495.70528,4914.42876
6005.74464,5495.70528,4914.42876,4566.97224
5495.70528,4914.42876,4566.97224,4407.03936
4914.42876,4566.97224,4407.03936,4403.61
4566.97224,4407.03936,4403.61,4783.64544
4407.03936,4403.61,4783.64544,5881.3524
4403.61,4783.64544,5881.3524,6550.0776
4783.64544,5881.3524,6550.0776,6515.784
5881.3524,6550.0776,6515.784,6515.784
6550.0776,6515.784,6515.784,5795.6184
6515.784,6515.784,5795.6184,6052.8204
6515.784,5795.6184,6052.8204,4955.4252
5795.6184,6052.8204,4955.4252,4732.5168
6052.8204,4955.4252,4732.5168,4595.3424
4955.4252,4732.5168,4595.3424,4671.7236
4732.5168,4595.3424,4671.7236,4975.6896
4595.3424,4671.7236,4975.6896,6529.50144
4671.7236,4975.6896,6529.50144,6634.2528
4975.6896,6529.50144,6634.2528,6739.00416
6529.50144,6634.2528,6739.00416,6194.35944
6634.2528,6739.00416,6194.35944,5621.65632
6739.00416,6194.35944,5621.65632,5324.8608
6194.35944,5621.65632,5324.8608,4591.60128
5621.65632,5324.8608,4591.60128,4417.01568
5324.8608,4591.60128,4417.01568,4446.78876
4591.60128,4417.01568,4446.78876,4498.6968
4417.01568,4446.78876,4498.6968,4758.237
4446.78876,4498.6968,4758.237,4879.35576
4498.6968,4758.237,4879.35576,5467.64688
4758.237,4879.35576,5467.64688,6644.22912
4879.35576,5467.64688,6644.22912,6315.4782
5467.64688,6644.22912,6315.4782,5969.4246
6644.22912,6315.4782,5969.4246,5173.50132
6315.4782,5969.4246,5173.50132,5173.50132
5969.4246,5173.50132,5173.50132,4689.02628
5173.50132,5173.50132,4689.02628,4748.72832
5173.50132,4689.02628,4748.72832,4172.59584
4689.02628,4748.72832,4172.59584,4399.55712
4748.72832,4172.59584,4399.55712,4207.51296
4172.59584,4399.55712,4207.51296,4853.47968
4399.55712,4207.51296,4853.47968,5761.3248
4207.51296,4853.47968,5761.3248,7245.3024
4853.47968,5761.3248,7245.3024,6955.67736
5761.3248,7245.3024,6955.67736,6488.505
7245.3024,6955.67736,6488.505,5329.22544
6955.67736,6488.505,5329.22544,4792.84236
6488.505,5329.22544,4792.84236,4259.88864
5329.22544,4792.84236,4259.88864,5796.24192
4792.84236,4259.88864,5796.24192,3910.40568
4259.88864,5796.24192,3910.40568,3787.1046
5796.24192,3910.40568,3787.1046,3751.87572
3910.40568,3787.1046,3751.87572,3928.02012
3787.1046,3751.87572,3928.02012,5150.2752
3751.87572,3928.02012,5150.2752,6529.50144
3928.02012,5150.2752,6529.50144,6931.04832
5150.2752,6529.50144,6931.04832,5866.07616
6529.50144,6931.04832,5866.07616,5150.2752
6931.04832,5866.07616,5150.2752,5255.02656
5866.07616,5150.2752,5255.02656,5272.48512
5150.2752,5255.02656,5272.48512,5080.44096
5255.02656,5272.48512,5080.44096,4643.97696
5272.48512,5080.44096,4643.97696,4836.02112
5080.44096,4643.97696,4836.02112,4888.3968
4643.97696,4836.02112,4888.3968,5621.65632
4836.02112,4888.3968,5621.65632,7297.67808
4888.3968,5621.65632,7297.67808,7287.39
5621.65632,7297.67808,7287.39,6550.0776
7297.67808,7287.39,6550.0776,6275.7288
7287.39,6550.0776,6275.7288,6215.24736
6550.0776,6275.7288,6215.24736,5883.22296
6275.7288,6215.24736,5883.22296,5548.5486
6215.24736,5883.22296,5548.5486,5390.01864
5883.22296,5548.5486,5390.01864,5020.1154
5548.5486,5390.01864,5020.1154,4584.74256
5390.01864,5020.1154,4584.74256,4262.69448
5020.1154,4584.74256,4262.69448,4280.30892
4584.74256,4262.69448,4280.30892,4923.31392
4262.69448,4280.30892,4923.31392,7000.88256
4280.30892,4923.31392,7000.88256,6721.5456
4923.31392,7000.88256,6721.5456,5138.89596
7000.88256,6721.5456,5138.89596,5881.3524
6721.5456,5138.89596,5881.3524,5538.4164
5138.89596,5881.3524,5538.4164,4989.7188
5881.3524,5538.4164,4989.7188,4955.4252
5538.4164,4989.7188,4955.4252,4844.7504
4989.7188,4955.4252,4844.7504,4758.237
4955.4252,4844.7504,4758.237,4896.65844
4844.7504,4758.237,4896.65844,5121.59328
4758.237,4896.65844,5121.59328,7215.21756
4896.65844,5121.59328,7215.21756,7526.6658
5121.59328,7215.21756,7526.6658,7180.6122
7215.21756,7526.6658,7180.6122,6567.2244
7526.6658,7180.6122,6567.2244,5675.27904
7180.6122,6567.2244,5675.27904,6592.32108
6567.2244,5675.27904,6592.32108,4498.6968
5675.27904,6592.32108,4498.6968,4224.97152
6592.32108,4498.6968,4224.97152,4102.7616
4498.6968,4224.97152,4102.7616,4137.67872
4224.97152,4102.7616,4137.67872,4242.43008
4102.7616,4137.67872,4242.43008,4818.56256
4137.67872,4242.43008,4818.56256,5052.38256
4242.43008,4818.56256,5052.38256,7059.49344
4818.56256,5052.38256,7059.49344,6748.0452
5052.38256,7059.49344,6748.0452,6090.54336
7059.49344,6748.0452,6090.54336,5555.5632
6748.0452,6090.54336,5555.5632,5589.8568
6090.54336,5555.5632,5589.8568,5311.92276
5555.5632,5589.8568,5311.92276,5138.89596
5589.8568,5311.92276,5138.89596,5024.0124
5311.92276,5138.89596,5024.0124,4972.572
5138.89596,5024.0124,4972.572,5208.10668
5024.0124,4972.572,5208.10668,5744.48976
4972.572,5208.10668,5744.48976,7370.94168
5208.10668,5744.48976,7370.94168,7388.24436
5744.48976,7370.94168,7388.24436,7319.03364
7370.94168,7388.24436,7319.03364,6609.62376
7388.24436,7319.03364,6609.62376,5882.9112
7319.03364,6609.62376,5882.9112,5173.50132
6609.62376,5882.9112,5173.50132,4619.81556
5882.9112,5173.50132,4619.81556,4342.97268
5173.50132,4619.81556,4342.97268,4152.6432
4619.81556,4342.97268,4152.6432,4221.85392
4342.97268,4152.6432,4221.85392,4204.55124
4152.6432,4221.85392,4204.55124,4723.63164
4221.85392,4204.55124,4723.63164,5294.62008
4204.55124,4723.63164,5294.62008,7561.27116
4723.63164,5294.62008,7561.27116,7474.75776
5294.62008,7561.27116,7474.75776,6384.68892
7561.27116,7474.75776,6384.68892,6280.87284
7474.75776,6384.68892,6280.87284,6090.54336
6384.68892,6280.87284,6090.54336,5586.7392
6280.87284,6090.54336,5586.7392,5277.3174
6090.54336,5586.7392,5277.3174,5237.568
5586.7392,5277.3174,5237.568,5359.77792
5277.3174,5237.568,5359.77792,5035.07988
5237.568,5359.77792,5035.07988,4896.65844
5359.77792,5035.07988,4896.65844,7976.53548
5035.07988,4896.65844,7976.53548,7474.75776
4896.65844,7976.53548,7474.75776,7613.1792
7976.53548,7474.75776,7613.1792,7543.96848
7474.75776,7613.1792,7543.96848,6826.29696
7613.1792,7543.96848,6826.29696,5447.07072
7543.96848,6826.29696,5447.07072,5307.40224
6826.29696,5447.07072,5307.40224,5097.89952
5447.07072,5307.40224,5097.89952,4914.42876
5307.40224,5097.89952,4914.42876,4685.44104
5097.89952,4914.42876,4685.44104,4597.36884
4914.42876,4685.44104,4597.36884,5115.35808
4685.44104,4597.36884,5115.35808,5450.3442
4597.36884,5115.35808,5450.3442,6903.76932
5115.35808,5450.3442,6903.76932,7306.0956
5450.3442,6903.76932,7306.0956,6677.43156
6903.76932,7306.0956,6677.43156,6618.6648
7306.0956,6677.43156,6618.6648,6172.848
6677.43156,6618.6648,6172.848,5522.049
6618.6648,6172.848,5522.049,5471.07624
6172.848,5522.049,5471.07624,5675.5908
5522.049,5471.07624,5675.5908,5401.242
5471.07624,5675.5908,5401.242,5744.48976
5675.5908,5401.242,5744.48976,5952.12192
5401.242,5744.48976,5952.12192,7493.1516
5744.48976,5952.12192,7493.1516,7900.7778
5952.12192,7493.1516,7900.7778,7509.98664
7493.1516,7900.7778,7509.98664,7596.0324
7900.7778,7509.98664,7596.0324,7493.1516
7509.98664,7596.0324,7493.1516,6145.41312
7596.0324,7493.1516,6145.41312,5002.50096
7493.1516,6145.41312,5002.50096,5196.2598
6145.41312,5002.50096,5196.2598,4826.35656
5002.50096,5196.2598,4826.35656,4738.28436
5196.2598,4826.35656,4738.28436,4914.42876
4826.35656,4738.28436,4914.42876,5080.44096
4738.28436,4914.42876,5080.44096,5377.23648
4914.42876,5080.44096,5377.23648,6337.45728
5080.44096,5377.23648,6337.45728,6601.518
5377.23648,6337.45728,6601.518,6473.54052
6337.45728,6601.518,6473.54052,6430.05
6601.518,6473.54052,6430.05,6094.28448
6473.54052,6430.05,6094.28448,5929.83108
6430.05,6094.28448,5929.83108,5657.97636
6094.28448,5929.83108,5657.97636,5250.19428
5929.83108,5657.97636,5250.19428,4944.35772
5657.97636,5250.19428,4944.35772,5267.1852
5250.19428,4944.35772,5267.1852,5281.2144
4944.35772,5267.1852,5281.2144,6881.3226
5267.1852,5281.2144,6881.3226,7184.5092
5281.2144,6881.3226,7184.5092,7133.0688
6881.3226,7184.5092,7133.0688,6564.41856
7184.5092,7133.0688,6564.41856,6389.83296
7133.0688,6564.41856,6389.83296,5231.48868
6564.41856,6389.83296,5231.48868,5090.57316
6389.83296,5231.48868,5090.57316,4843.971
5231.48868,5090.57316,4843.971,4744.67544
5090.57316,4843.971,4744.67544,4602.51288
4843.971,4744.67544,4602.51288,4638.05352
4744.67544,4602.51288,4638.05352,5196.2598
4602.51288,4638.05352,5196.2598,6165.054
4638.05352,5196.2598,6165.054,7679.89584
5196.2598,6165.054,7679.89584,6807.2796
6165.054,7679.89584,6807.2796,6201.6858
7679.89584,6807.2796,6201.6858,5844.87648
6807.2796,6201.6858,5844.87648,5812.7652
6201.6858,5844.87648,5812.7652,5967.0864
5844.87648,5812.7652,5967.0864,5658.444
5812.7652,5967.0864,5658.444,5469.8292
5967.0864,5658.444,5469.8292,5212.6272
5658.444,5469.8292,5212.6272,5435.5356
5469.8292,5212.6272,5435.5356,5795.6184
5212.6272,5435.5356,5795.6184,7424.5644
5435.5356,5795.6184,7424.5644,7373.124
5795.6184,7424.5644,7373.124,7253.0964
7424.5644,7373.124,7253.0964,7235.9496
7373.124,7253.0964,7235.9496,5829.912
7253.0964,7235.9496,5829.912,5658.444
7235.9496,5829.912,5658.444,5173.50132
5829.912,5658.444,5173.50132,4914.42876
5658.444,5173.50132,4914.42876,4731.26976
5173.50132,4914.42876,4731.26976,4879.35576
4914.42876,4731.26976,4879.35576,5045.52384
4731.26976,4879.35576,5045.52384,5178.64536
4879.35576,5045.52384,5178.64536,6147.43956
5045.52384,5178.64536,6147.43956,7644.66696
5178.64536,6147.43956,7644.66696,8701.53336
6147.43956,7644.66696,8701.53336,6217.89732
7644.66696,8701.53336,6217.89732,5918.45184
8701.53336,6217.89732,5918.45184,6389.83296
6217.89732,5918.45184,6389.83296,6250.16448
5918.45184,6389.83296,6250.16448,5935.9104
6389.83296,6250.16448,5935.9104,5467.64688
6250.16448,5935.9104,5467.64688,5709.8844
5935.9104,5467.64688,5709.8844,5692.58172
5467.64688,5709.8844,5692.58172,6298.17552
5709.8844,5692.58172,6298.17552,7647.78456
5692.58172,6298.17552,7647.78456,7993.83816
6298.17552,7647.78456,7993.83816,7647.78456
7647.78456,7993.83816,7647.78456,7319.03364
7993.83816,7647.78456,7319.03364,6626.92644
7647.78456,7319.03364,6626.92644,4740.93432
7319.03364,6626.92644,4740.93432,5190.804
6626.92644,4740.93432,5190.804,4896.65844
4740.93432,5190.804,4896.65844,4715.37
5190.804,4896.65844,4715.37,4663.9296
4896.65844,4715.37,4663.9296,4740.93432
4715.37,4663.9296,4740.93432,5104.2906
4663.9296,4740.93432,5104.2906,5225.40936
4740.93432,5104.2906,5225.40936,6142.4514
5104.2906,5225.40936,6142.4514,6194.35944
5225.40936,6142.4514,6194.35944,6488.505
6142.4514,6194.35944,6488.505,6315.4782
6194.35944,6488.505,6315.4782,6298.17552
6488.505,6315.4782,6298.17552,6004.02996
6315.4782,6298.17552,6004.02996,5623.371
6298.17552,6004.02996,5623.371,4451.9328
6004.02996,5623.371,4451.9328,5377.23648
5623.371,4451.9328,5377.23648,5097.89952
4451.9328,5377.23648,5097.89952,5848.6176
5377.23648,5097.89952,5848.6176,7489.72224
5097.89952,5848.6176,7489.72224,7716.68352
5848.6176,7489.72224,7716.68352,7457.45508
7489.72224,7716.68352,7457.45508,7613.1792
7716.68352,7457.45508,7613.1792,6090.54336
7457.45508,7613.1792,6090.54336,5554.16028
7613.1792,6090.54336,5554.16028,5086.98792
6090.54336,5554.16028,5086.98792,5173.50132
5554.16028,5086.98792,5173.50132,5017.7772
5086.98792,5173.50132,5017.7772,4913.96112
5173.50132,5017.7772,4913.96112,5086.98792
5017.7772,4913.96112,5086.98792,5225.40936
4913.96112,5086.98792,5225.40936,5311.92276
5086.98792,5225.40936,5311.92276,7838.11404
5225.40936,5311.92276,7838.11404,7301.73096
5311.92276,7838.11404,7301.73096,6298.17552
7838.11404,7301.73096,6298.17552,6073.24068
7301.73096,6298.17552,6073.24068,5813.70048
6298.17552,6073.24068,5813.70048,5953.36896
6073.24068,5813.70048,5953.36896,5415.73884
5813.70048,5953.36896,5415.73884,5394.69504
5953.36896,5415.73884,5394.69504,5062.9824
5415.73884,5394.69504,5062.9824,5069.68524
5394.69504,5062.9824,5069.68524,5831.15904
5062.9824,5069.68524,5831.15904,7353.639
5069.68524,5831.15904,7353.639,7630.48188
5831.15904,7353.639,7630.48188,7699.6926
7353.639,7630.48188,7699.6926,7270.2432
7630.48188,7699.6926,7270.2432,6407.29152
7699.6926,7270.2432,6407.29152,5516.90496
7270.2432,6407.29152,5516.90496,6669.16992
6407.29152,5516.90496,6669.16992,4755.8988
5516.90496,6669.16992,4755.8988,4597.36884
6669.16992,4755.8988,4597.36884,4562.13996
4755.8988,4597.36884,4562.13996,4808.74212
4597.36884,4562.13996,4808.74212,6040.66176
4562.13996,4808.74212,6040.66176,5812.7652
4808.74212,6040.66176,5812.7652,6824.4264
6040.66176,5812.7652,6824.4264,7284.42828
5812.7652,6824.4264,7284.42828,6730.74252
6824.4264,7284.42828,6730.74252,6250.16448
7284.42828,6730.74252,6250.16448,6075.57888
6730.74252,6250.16448,6075.57888,5536.8576
6250.16448,6075.57888,5536.8576,5298.3612
6075.57888,5536.8576,5298.3612,5298.3612
5536.8576,5298.3612,5298.3612,5185.19232
5298.3612,5298.3612,5185.19232,5080.44096
5298.3612,5185.19232,5080.44096,5237.568
5185.19232,5080.44096,5237.568,7441.7112
5080.44096,5237.568,7441.7112,7235.9496
5237.568,7441.7112,7235.9496,6944.454
7441.7112,7235.9496,6944.454,6687.252
7235.9496,6944.454,6687.252,5864.2056
6944.454,6687.252,5864.2056,5202.65088
6687.252,5864.2056,5202.65088,4748.72832
5864.2056,5202.65088,4748.72832,4713.8112
5202.65088,4748.72832,4713.8112,4556.68416
4748.72832,4713.8112,4556.68416,3978.0576
4713.8112,4556.68416,3978.0576,4235.2596
4556.68416,3978.0576,4235.2596,4732.5168
3978.0576,4235.2596,4732.5168,6111.11952
4235.2596,4732.5168,6111.11952,6313.14
4732.5168,6111.11952,6313.14,6782.65056
6111.11952,6313.14,6782.65056,6055.938
6313.14,6782.65056,6055.938,3910.40568
6782.65056,6055.938,3910.40568,6110.496
6055.938,3910.40568,6110.496,3945.63456
3910.40568,6110.496,3945.63456,5062.9824
6110.496,3945.63456,5062.9824,4574.14272
3945.63456,5062.9824,4574.14272,3941.89344
5062.9824,4574.14272,3941.89344,5006.8656
4574.14272,3941.89344,5006.8656,4706.32896
3941.89344,5006.8656,4706.32896,4410.78048
5006.8656,4706.32896,4410.78048,4910.37588
4706.32896,4410.78048,4910.37588,6592.47696
4410.78048,4910.37588,6592.47696,6893.0136
4910.37588,6592.47696,6893.0136,6644.22912
6592.47696,6893.0136,6644.22912,6280.87284
6893.0136,6644.22912,6280.87284,5450.3442
6644.22912,6280.87284,5450.3442,4048.82712
6280.87284,5450.3442,4048.82712,3840.8832
5450.3442,4048.82712,3840.8832,3892.3236
4048.82712,3840.8832,3892.3236,3960.9108
3840.8832,3892.3236,3960.9108,4149.5256
3892.3236,3960.9108,4149.5256,4446.78876
3960.9108,4149.5256,4446.78876,5450.3442
4149.5256,4446.78876,5450.3442,5813.70048
4446.78876,5450.3442,5813.70048,5779.09512
5450.3442,5813.70048,5779.09512,5744.48976
5813.70048,5779.09512,5744.48976,5484.94956
5779.09512,5744.48976,5484.94956,5115.35808
5744.48976,5484.94956,5115.35808,4853.47968
5484.94956,5115.35808,4853.47968,4696.35264
5115.35808,4853.47968,4696.35264,4256.45928
4853.47968,4696.35264,4256.45928,4567.90752
4696.35264,4256.45928,4567.90752,4923.31392
4256.45928,4567.90752,4923.31392,6280.87284
4567.90752,4923.31392,6280.87284,6275.7288
4923.31392,6280.87284,6275.7288,6055.938
6280.87284,6275.7288,6055.938,5554.16028
6275.7288,6055.938,5554.16028,4886.838
6055.938,5554.16028,4886.838,4048.82712
5554.16028,4886.838,4048.82712,3738.0024
4886.838,4048.82712,3738.0024,3515.094
4048.82712,3738.0024,3515.094,3377.9196
3738.0024,3515.094,3377.9196,3377.9196
3515.094,3377.9196,3377.9196,3515.094
3377.9196,3377.9196,3515.094,4183.8192
3377.9196,3515.094,4183.8192,4818.2508
3515.094,4183.8192,4818.2508,6755.8392
4183.8192,4818.2508,6755.8392,6670.1052
4818.2508,6755.8392,6670.1052,5915.646
6755.8392,6670.1052,5915.646,5315.508
6670.1052,5915.646,5315.508,5075.4528
5915.646,5315.508,5075.4528,4766.8104
5315.508,5075.4528,4766.8104,4458.168
5075.4528,4766.8104,4458.168,4169.94588
4766.8104,4458.168,4169.94588,4291.06464
4458.168,4169.94588,4291.06464,4325.67
4169.94588,4291.06464,4325.67,4862.05308
4291.06464,4325.67,4862.05308,6869.16396
4325.67,4862.05308,6869.16396,7128.70416
4862.05308,6869.16396,7128.70416,6748.0452
6869.16396,7128.70416,6748.0452,6228.9648
7128.70416,6748.0452,6228.9648,6575.0184
6748.0452,6228.9648,6575.0184,4187.24856
6228.9648,6575.0184,4187.24856,3927.70836
6575.0184,4187.24856,3927.70836,3858.03
4187.24856,3927.70836,3858.03,3669.4152
3927.70836,3858.03,3669.4152,3686.562
3858.03,3669.4152,3686.562,3446.5068
3669.4152,3686.562,3446.5068,3583.6812
3686.562,3446.5068,3583.6812,4338.1404
3446.5068,3583.6812,4338.1404,5761.3248
3583.6812,4338.1404,5761.3248,7184.5092
4338.1404,5761.3248,7184.5092,5984.2332
5761.3248,7184.5092,5984.2332,5366.9484
7184.5092,5984.2332,5366.9484,5092.5996
5984.2332,5366.9484,5092.5996,4715.37
5366.9484,5092.5996,4715.37,4792.84236
5092.5996,4715.37,4792.84236,4308.36732
4715.37,4792.84236,4308.36732,4441.0212
4792.84236,4308.36732,4441.0212,4269.5532
4308.36732,4441.0212,4269.5532,5144.04
4441.0212,4269.5532,5144.04,6550.0776
4269.5532,5144.04,6550.0776,6772.986
5144.04,6550.0776,6772.986,6567.2244
6550.0776,6772.986,6567.2244,6069.9672
6772.986,6567.2244,6069.9672,4869.6912
6567.2244,6069.9672,4869.6912,4273.76196
6069.9672,4869.6912,4273.76196,3996.91908
4869.6912,4273.76196,3996.91908,3754.68156
4273.76196,3996.91908,3754.68156,3668.16816
3996.91908,3754.68156,3668.16816,5311.92276
3754.68156,3668.16816,5311.92276,3927.70836
3668.16816,5311.92276,3927.70836,5898.4992
5311.92276,3927.70836,5898.4992,4732.5168
3927.70836,5898.4992,4732.5168,7578.8856
5898.4992,4732.5168,7578.8856,7013.0412
4732.5168,7578.8856,7013.0412,5949.9396
7578.8856,7013.0412,5949.9396,5658.444
7013.0412,5949.9396,5658.444,5315.508
5949.9396,5658.444,5315.508,5294.62008
5658.444,5315.508,5294.62008,5045.52384
5315.508,5294.62008,5045.52384,4626.5184
5294.62008,5045.52384,4626.5184,4567.90752
5045.52384,4626.5184,4567.90752,4723.63164
4626.5184,4567.90752,4723.63164,5150.2752
4567.90752,4723.63164,5150.2752,6938.37468
4723.63164,5150.2752,6938.37468,7007.5854
5150.2752,6938.37468,7007.5854,6755.8392
6938.37468,7007.5854,6755.8392,6436.59696
7007.5854,6755.8392,6436.59696,6267.62304
6755.8392,6436.59696,6267.62304,6756.46272
6436.59696,6267.62304,6756.46272,4826.35656
6267.62304,6756.46272,4826.35656,4104.16452
6756.46272,4826.35656,4104.16452,3716.64684
4826.35656,4104.16452,3716.64684,3579.0048
4104.16452,3716.64684,3579.0048,3668.16816
3716.64684,3579.0048,3668.16816,3893.103
3579.0048,3668.16816,3893.103,4481.39412
3668.16816,3893.103,4481.39412,5813.70048
3893.103,4481.39412,5813.70048,6841.5732
4481.39412,5813.70048,6841.5732,6021.33264
5813.70048,6841.5732,6021.33264,5521.2696
6841.5732,6021.33264,5521.2696,5589.8568
6021.33264,5521.2696,5589.8568,5467.64688
5521.2696,5589.8568,5467.64688,5115.35808
5589.8568,5467.64688,5115.35808,4155.13728
5467.64688,5115.35808,4155.13728,4671.7236
5115.35808,4155.13728,4671.7236,4731.26976
4155.13728,4671.7236,4731.26976,5377.23648
4671.7236,4731.26976,5377.23648,7076.79612
4731.26976,5377.23648,7076.79612,7007.5854
5377.23648,7076.79612,7007.5854,6921.072
7076.79612,7007.5854,6921.072,6285.0816
7007.5854,6921.072,6285.0816,5900.99328
6921.072,6285.0816,5900.99328,4262.69448
6285.0816,5900.99328,4262.69448,3945.63456
5900.99328,4262.69448,3945.63456,3891.70008
4262.69448,3945.63456,3891.70008,3713.99688
3945.63456,3891.70008,3713.99688,3731.7672
3891.70008,3713.99688,3731.7672,3892.79124
3713.99688,3731.7672,3892.79124,4068.93564
3731.7672,3892.79124,4068.93564,4643.97696
3892.79124,4068.93564,4643.97696,5813.70048
4068.93564,4643.97696,5813.70048,7115.922
4643.97696,5813.70048,7115.922,6189.9948
5813.70048,7115.922,6189.9948,5657.97636
7115.922,6189.9948,5657.97636,5138.89596
6189.9948,5657.97636,5138.89596,4965.86916
5657.97636,5138.89596,4965.86916,4783.9572
5138.89596,4965.86916,4783.9572,4663.9296
4965.86916,4783.9572,4663.9296,4080.9384
4783.9572,4663.9296,4080.9384,4355.2872
4663.9296,4080.9384,4355.2872,5024.0124
4080.9384,4355.2872,5024.0124,5761.3248
4355.2872,5024.0124,5761.3248,6447.1968
5024.0124,5761.3248,6447.1968,6207.1416
5761.3248,6447.1968,6207.1416,5658.444
6447.1968,6207.1416,5658.444,4166.6724
6207.1416,5658.444,4166.6724,5744.48976
5658.444,4166.6724,5744.48976,5415.73884
4166.6724,5744.48976,5415.73884,5949.9396
5744.48976,5415.73884,5949.9396,5658.444
5415.73884,5949.9396,5658.444,5315.508
5949.9396,5658.444,5315.508,5294.62008
5658.444,5315.508,5294.62008,5045.52384
5315.508,5294.62008,5045.52384,4626.5184
5294.62008,5045.52384,4626.5184,4567.90752
5045.52384,4626.5184,4567.90752,4723.63164
4626.5184,4567.90752,4723.63164,5150.2752
4567.90752,4723.63164,5150.2752,6938.37468
